date,deces,gueris,decesEhpad,reanimation,casConfirmes,hospitalises,testsPositifs,testsRealises,casConfirmesEhpad,casPossiblesEhpad,nouvellesReanimations,stockNombreTotalDoses,stockNombreDosesPfizer,stockNombreDosesModerna,cumulPremieresInjections,nouvellesHospitalisations,stockEhpadNombreDosesPfizer,nouvellesPremieresInjections,prisesRendezVousSemaineRang1,prisesRendezVousSemaineRang2,totalPrisesRendezVousSemaine,livraisonsCumulNombreTotalDoses,livraisonsCumulNombreDosesPfizer,livraisonsCumulNombreDosesModerna,r0
2020-03-02,3,,,,191,,,,,,,,,,,,,,,,,,,,
2020-03-03,4,12,,,212,,,,,,,,,,,,,,,,,,,,
2020-03-04,4,,,15,285,,,,,,,,,,,,,,,,,,,,
2020-03-05,7,,,23,423,,,,,,,,,,,,,,,,,,,,
2020-03-06,9,,,39,613,,,,,,,,,,,,,,,,,,,,
2020-03-07,16,,,45,949,,,,,,,,,,,,,,,,,,,,
2020-03-08,19,,,,1126,,,,,,,,,,,,,,,,,,,,
2020-03-09,25,,,66,1412,,,,,,,,,,,,,,,,,,,,
2020-03-10,33,,,86,1784,,8,79,,,,,,,,,,,,,,,,,
2020-03-11,48,,,105,2281,,16,108,,,,,,,,,,,,,,,,,
2020-03-12,61,,,129,2876,,33,157,,,,,,,,,,,,,,,,,
2020-03-13,79,,,,3661,,61,350,,,,,,,,,,,,,,,,,
2020-03-14,91,,,300,4500,,54,167,,,,,,,,,,,,,,,,,
2020-03-15,127,,,,5423,400,49,174,,,,,,,,,,,,,,,,,
2020-03-16,148,,,,6633,,198,819,,,,,,,,,,,,,,,,,
2020-03-17,175,602,,699,7730,2579,223,1011,,,,,,,,,,,,,,,,,
2020-03-18,264,1000,,931,9134,3626,394,1571,,,,,,,,,,,,,,,,,
2020-03-19,372,1300,,1122,10995,4461,528,2098,,,438,,,,,2229,,,,,,,,,
2020-03-20,450,1587,,1297,12612,5226,705,2454,,,242,,,,,1256,,,,,,,,,
2020-03-21,562,1811,,1525,14459,6172,264,783,,,298,,,,,1540,,,,,,,,,
2020-03-22,674,2200,,1746,16689,7240,250,555,,,309,,,,,1534,,,,,,,,,
2020-03-23,860,2567,,2082,19856,8675,1285,4369,,,448,,,,,2053,,,,,,,,,
2020-03-24,1100,3281,,2516,22302,10176,1385,4960,,,571,,,,,2618,,,,,,,,,
2020-03-25,1331,3900,,2827,25233,11539,1363,5161,,,607,,,,,3166,,,,,,,,,
2020-03-26,1696,4948,,3375,29155,13904,1573,5716,,,612,,,,,3097,,,,,,,,,
2020-03-27,1995,5698,,3787,32964,15732,1588,6533,,,608,,,,,3059,,,,,,,,,
2020-03-28,2314,6624,,4273,37575,17620,523,1894,,,695,,,,,3353,,,,,,,,,
2020-03-29,2606,7131,,4632,40174,19354,228,604,,,543,,,,,2685,,,,,,,,,
2020-03-30,3024,7924,,5107,44550,21008,1918,8169,,,694,,,,,3108,,,,,,,,,
2020-03-31,3523,9444,,5565,52128,22757,1792,8051,,,767,,,,,4146,,,,,,,,,
2020-04-01,4032,10935,371,6017,56989,24639,1467,7319,,,771,,,,,4281,,,,,,,,,
2020-04-02,4503,12428,884,6399,59105,26246,1579,7375,,,728,,,,,3845,,,,,,,,,
2020-04-03,5091,14008,1416,6662,64338,27432,1668,8237,,,640,,,,,3627,,,,,,,,,
2020-04-04,5532,15438,2028,6838,68605,28143,345,1675,,,502,,,,,2822,,,,,,,,,
2020-04-05,5889,16183,2189,6978,70478,28891,120,377,,,390,,,,,1931,,,,,,,,,
2020-04-06,6494,17250,2417,7072,74390,29722,1502,7611,,,478,,,,,2754,,,,,,,,,
2020-04-07,7091,19337,3237,7131,78167,30027,1429,7790,,,518,,,,,3277,,,,,,,,,
2020-04-08,7632,21254,3237,7148,82048,30375,1691,10059,,,482,,,,,3139,,,,,,,,,
2020-04-09,8044,23206,4166,7066,86334,30767,1589,10603,,,369,,,,,2990,,,,,,,,,
2020-04-10,8598,24932,4599,7004,90676,31267,1932,11527,,,431,,,,,3161,,,,,,,,,
2020-04-11,8943,26391,4889,6883,93790,31320,242,1636,,,255,,,,,2044,,,,,,,,,
2020-04-12,9253,27186,5140,6845,95403,31826,71,389,11958,25230,220,,,,,1688,,,,,,,,,
2020-04-13,9588,27718,5379,6821,98076,32113,206,1156,12481,26222,227,,,,,1257,,,,,,,,,
2020-04-14,10129,28805,5600,6730,103573,32292,1423,11890,13050,26680,275,,,,,1965,,,,,,,,,
2020-04-15,10643,30995,6524,6457,106206,31779,1211,12608,14393,27264,284,,,,,2415,,,,,,,,,
2020-04-16,11060,32812,6860,6248,108847,31305,1082,11959,18967,37213,270,,,,,2084,,,,,,,,,
2020-04-17,11478,34420,7203,6027,109252,31190,959,11470,20272,38717,242,,,,,2166,,,,,,,,,
2020-04-18,11842,35983,7481,5833,111821,30639,186,2361,22163,39972,206,,,,,1565,,,,,,,,,
2020-04-19,12069,36578,7649,5744,112606,30610,32,502,23048,40288,137,,,,,890,,,,,,,,,
2020-04-20,12513,37409,7752,5683,114657,30584,660,9224,23668,40726,208,,,,,1464,,,,,,,,,
2020-04-21,12900,39181,7896,5433,117324,30106,697,11557,,,190,,,,,1885,,,,,,,,,
2020-04-22,13236,40657,8104,5218,119151,29741,602,11047,25513,,183,,,,,1619,,,,,,,,,
2020-04-23,13547,42088,8309,5053,120804,29219,585,9872,26840,37379,178,,,,,1410,,,,,,,,,
2020-04-24,13852,43493,8393,4870,122577,28658,471,9077,27880,37251,155,,,,,1346,,,,,,,,,
2020-04-25,14050,44594,8564,4725,124114,28222,66,1397,29126,37374,124,,,,,999,,,,,,,,,
2020-04-26,14202,44903,8654,4682,124575,28217,13,306,29643,37525,79,,,,,481,,,,,,,,,
2020-04-27,14497,45513,8796,4608,128339,28055,291,7431,30227,37503,125,,,,,964,,,,,,,,,
2020-04-28,14810,46886,8850,4387,129859,27484,336,8104,30817,39076,153,,,,,1321,,,,,,,,,
2020-04-29,15053,48228,9034,4207,128442,26834,363,9850,31795,,110,,,,,1070,,,,,,,,,
2020-04-30,15244,49476,9132,4019,129581,26283,265,8793,32355,,121,,,,,1048,,,,,,,,,
2020-05-01,15369,50212,9225,3878,130185,25887,4,232,32791,,73,,,,,668,,,,,,,,,
2020-05-02,15487,50562,9273,3827,130979,25827,49,1369,33271,,64,,,,,453,,,,,,,,,
2020-05-03,15583,50784,9312,3819,131287,25815,11,197,33361,,80,,,,,345,,,,,,,,,
2020-05-04,15826,51371,9375,3696,131863,25548,302,10093,33791,,84,,,,,689,,,,,,,,,
2020-05-05,16060,52736,9471,3430,132967,24775,278,10772,34108,,111,,,,,987,,,,,,,,,
2020-05-06,16237,53972,9572,3147,137150,23983,206,9391,34507,,69,,,,,833,,,,,,,,,
2020-05-07,16386,55027,9601,2961,137779,23208,166,8596,34653,,99,,,,,728,,,,,,,,,
2020-05-08,16497,55782,9733,2868,138421,22724,15,448,34890,,89,,,,,510,,,,,,,,,
2020-05-09,16573,56038,9737,2812,138854,22614,33,1529,35046,,38,,,,,265,,,,,,,,,
2020-05-10,16642,56217,9738,2776,139063,22569,17,293,35236,,38,,,,,253,,,,,,,,,
2020-05-11,16820,56724,9823,2712,139519,22284,210,10365,35195,,82,,,,,523,,,,,,,,,
2020-05-12,17003,57785,9988,2542,140227,21595,177,10608,35437,,92,,,,,670,,,,,,,,,
2020-05-13,17101,58673,9973,2428,140734,21071,901,39839,35604,,69,,,,,543,,,,,,,,,
2020-05-14,17224,59605,10201,2299,141356,20463,1015,43174,35820,,52,,,,,542,,,,,,,,,
2020-05-15,17342,60448,10187,2203,141919,19861,1044,48380,36126,,64,,,,,438,,,,,,,,,
2020-05-16,17412,61066,10213,2132,142291,19432,292,16662,36175,,46,,,,,350,,,,,,,,,
2020-05-17,17466,61213,10642,2087,142411,19361,142,6650,36461,,24,,,,,152,,,,,,,,,
2020-05-18,17589,61728,10650,1998,142903,19015,1120,51893,36599,,38,,,,,375,,,,,,,,,
2020-05-19,17714,62563,10308,1894,143427,18468,1055,53354,36530,,69,,,,,506,,,,,,,,,
2020-05-20,17812,63354,10320,1794,143845,17941,1058,53672,36751,,43,,,,,432,,,,,,,,,
2020-05-21,17870,63858,10345,1745,144163,17583,193,9766,36853,,28,,,,,271,,,,,,,,,
2020-05-22,17944,64209,10345,1701,144556,17383,826,50906,36853,,36,,,,,263,,,,,,,,,
2020-05-23,17987,64547,10345,1665,144806,17178,266,19104,36853,,30,,,,,233,,,,,,,,,
2020-05-24,18022,64617,10345,1655,144921,17185,145,7235,36853,,24,,,,,121,,,,,,,,,
2020-05-25,18112,65199,10345,1609,145279,16798,708,51929,36853,,45,,,,,342,,,,,,,,,
2020-05-26,18260,65879,10335,1555,145555,16264,773,54110,37235,,37,,,,,318,,,,,,,,,
2020-05-27,18260,66584,10336,1501,145746,15680,729,46736,37235,,32,,,,,271,,,,,,,,,
2020-05-28,18326,67191,10336,1429,149071,15208,641,44702,37235,,36,,,,,253,,,,,,,,,
2020-05-29,18387,67803,10327,1361,149668,14695,595,49620,37273,,29,,,,,255,,,,,,,,,
2020-05-30,18444,68268,10327,1325,151496,14380,371,20329,37273,,29,,,,,227,,,,,,,,,
2020-05-31,18475,68355,10327,1319,151753,14322,188,8547,37273,,18,,,,,72,,,,,,,,,
2020-06-01,18506,68440,10327,1302,152091,14288,171,10045,37273,,9,,,,,89,,,,,,,,,0.82
2020-06-02,18590,68812,10350,1253,151325,14028,723,49097,37405,,33,,,,,229,,,,,,,,,0.82
2020-06-03,18671,69455,10350,1210,151677,13514,659,44966,37405,,26,,,,,250,,,,,,,,,0.82
2020-06-04,18715,69976,10350,1163,152444,13101,622,41584,37405,,23,,,,,195,,,,,,,,,0.83
2020-06-05,18761,70504,10350,1094,153055,12696,560,46753,37405,,19,,,,,213,,,,,,,,,0.84
2020-06-06,18792,70806,10350,1059,153634,12479,296,19721,37405,,15,,,,,143,,,,,,,,,0.86
2020-06-07,18805,70842,10350,1053,153977,12461,138,7587,37405,,4,,,,,37,,,,,,,,,0.88
2020-06-08,18859,71062,10350,1024,154188,12315,559,45367,37405,,23,,,,,145,,,,,,,,,0.89
2020-06-09,18912,71506,10384,955,154591,11961,574,43937,37599,,15,,,,,169,,,,,,,,,0.9
2020-06-10,18935,71832,10384,933,155136,11678,562,40701,37599,,23,,,,,130,,,,,,,,,0.9
2020-06-11,18962,72149,10384,903,155561,11465,624,38811,37599,,26,,,,,143,,,,,,,,,0.9
2020-06-12,18990,72572,10384,879,156287,11124,613,44570,37599,,18,,,,,136,,,,,,,,,0.89
2020-06-13,19014,72808,10384,871,156813,10909,217,19226,37599,,14,,,,,68,,,,,,,,,0.89
2020-06-14,19023,72859,10384,869,157220,10881,133,6667,37599,,6,,,,,33,,,,,,,,,0.88
2020-06-15,19052,73044,10384,846,157372,10752,500,43895,37599,,12,,,,,114,,,,,,,,,0.87
2020-06-16,19090,73335,10457,820,157716,10535,570,43055,37901,,14,,,,,143,,,,,,,,,0.87
2020-06-17,19118,73667,10457,772,158174,10267,747,40177,37901,,14,,,,,116,,,,,,,,,0.87
2020-06-18,19146,73887,10457,752,158641,10125,578,37959,37901,,15,,,,,136,,,,,,,,,0.87
2020-06-19,19160,74117,10457,727,159452,9970,699,46051,37901,,10,,,,,116,,,,,,,,,0.87
2020-06-20,19176,74312,10457,715,160093,9837,351,21735,37901,,7,,,,,90,,,,,,,,,0.87
2020-06-21,19183,74372,10457,715,160377,9823,113,6515,37901,,5,,,,,48,,,,,,,,,0.88
2020-06-22,19206,74612,10457,701,160750,9693,602,48504,37901,,16,,,,,142,,,,,,,,,0.88
2020-06-23,19232,74871,10488,682,161267,9491,660,48446,37995,,15,,,,,117,,,,,,,,,0.89
2020-06-24,19243,75127,10488,658,161348,9299,672,45651,37995,,8,,,,,97,,,,,,,,,0.9
2020-06-25,19264,75351,10488,651,161348,9141,510,39964,37995,,15,,,,,124,,,,,,,,,0.91
2020-06-26,19290,75649,10488,634,162936,8886,579,51333,37995,,15,,,,,87,,,,,,,,,0.93
2020-06-27,19290,75649,10488,634,163454,8886,338,24668,37995,,9,,,,,55,,,,,,,,,0.94
2020-06-28,19290,75649,10488,634,163980,8886,214,8244,37995,,4,,,,,44,,,,,,,,,0.96
2020-06-29,19325,75999,10488,619,164260,8688,675,61815,37995,,15,,,,,102,,,,,,,,,0.98
2020-06-30,19346,76274,10497,602,164801,8536,730,59773,38107,,8,,,,,152,,,,,,,,,1
2020-07-01,19364,76549,10497,582,165719,8336,633,57320,38107,,17,,,,,106,,,,,,,,,1.01
2020-07-02,19378,76802,10497,573,166378,8148,591,54984,38107,,12,,,,,93,,,,,,,,,1.03
2020-07-03,19396,77060,10497,560,166960,7990,748,64395,38107,,12,,,,,125,,,,,,,,,1.04
2020-07-04,19388,77160,,517,167711,7863,352,29230,38107,,4,,,,,47,,,,,,,,,1.05
2020-07-05,19390,77179,,521,168159,7863,103,8549,38107,,5,,,,,21,,,,,,,,,1.06
2020-07-06,19423,77319,10497,548,168335,7850,680,67144,38107,,10,,,,,98,,,,,,,,,1.07
2020-07-07,19457,77655,10476,538,168810,7594,572,66313,39256,,21,,,,,127,,,,,,,,,1.09
2020-07-08,19489,77996,10476,529,169473,7297,704,65186,39256,,18,,,,,83,,,,,,,,,1.11
2020-07-09,19503,78170,10476,512,170094,7177,708,68827,39256,,8,,,,,79,,,,,,,,,1.13
2020-07-10,19528,78388,10476,496,170752,7062,856,77237,39256,,9,,,,,136,,,,,,,,,1.14
2020-07-11,19514,78454,10476,470,171504,6995,357,32655,39256,,7,,,,,57,,,,,,,,,1.16
2020-07-12,19515,78486,10476,473,172089,6991,117,8531,39256,,5,,,,,26,,,,,,,,,1.17
2020-07-13,19553,78597,10476,492,172377,6983,880,80804,39256,,10,,,,,68,,,,,,,,,1.17
2020-07-14,19539,78670,10476,465,172888,6907,184,12400,39256,,7,,,,,61,,,,,,,,,1.19
2020-07-15,19579,78820,10541,482,173304,6915,858,80329,39464,,16,,,,,133,,,,,,,,,1.2
2020-07-16,19597,79036,10541,481,173838,6796,979,84534,39464,,23,,,,,119,,,,,,,,,1.23
2020-07-17,19611,79244,10541,477,174674,6688,965,94270,39464,,17,,,,,119,,,,,,,,,1.26
2020-07-18,19599,79322,10541,450,175639,6614,445,40729,39464,,6,,,,,68,,,,,,,,,1.29
2020-07-19,19600,79384,10541,448,176404,6583,192,12302,39464,,4,,,,,36,,,,,,,,,1.33
2020-07-20,19636,79541,10541,467,176754,6589,1034,93123,39464,,18,,,,,137,,,,,,,,,1.37
2020-07-21,19649,79734,10516,455,177338,6482,1100,89313,39554,,12,,,,,109,,,,,,,,,1.4
2020-07-22,19656,79957,10516,445,178336,6366,1173,89283,39554,,17,,,,,132,,,,,,,,,1.42
2020-07-23,19666,80472,10516,436,179398,5957,1152,88357,39554,,13,,,,,123,,,,,,,,,1.43
2020-07-24,19676,80815,10516,410,180528,5720,1278,96195,39554,,16,,,,,126,,,,,,,,,1.43
2020-07-25,19664,80915,10516,368,181636,5634,627,43401,39554,,8,,,,,86,,,,,,,,,1.42
2020-07-26,19665,80947,10516,367,182565,5640,264,14992,39554,,1,,,,,36,,,,,,,,,1.41
2020-07-27,19693,81082,10516,398,183079,5655,1429,103287,39554,,25,,,,,118,,,,,,,,,1.39
2020-07-28,19708,81311,10515,385,183804,5551,1366,104057,39638,,22,,,,,172,,,,,,,,,1.38
2020-07-29,19723,81500,10515,380,185196,5450,1478,108087,39638,,14,,,,,118,,,,,,,,,1.37
2020-07-30,19739,81667,10515,381,186573,5375,1549,105728,39638,,14,,,,,116,,,,,,,,,1.37
2020-07-31,19750,81881,10515,371,187919,5298,1637,110211,39638,,16,,,,,152,,,,,,,,,1.37
2020-08-01,19736,82016,10515,344,189547,5177,794,47672,39638,,11,,,,,77,,,,,,,,,1.37
2020-08-02,19737,82029,10515,345,190739,5188,250,16527,39638,,3,,,,,25,,,,,,,,,1.37
2020-08-03,19779,82166,10515,384,191295,5198,2021,113443,39638,,29,,,,,142,,,,,,,,,1.37
2020-08-04,19790,82318,10506,388,192334,5162,2012,106729,39645,,21,,,,,139,,,,,,,,,1.36
2020-08-05,19799,82460,10506,384,194029,5148,1961,106577,39645,,15,,,,,137,,,,,,,,,1.36
2020-08-06,19806,82670,10506,390,195633,5060,2165,109853,39645,,21,,,,,141,,,,,,,,,1.36
2020-08-07,19818,82836,10506,383,197921,5011,2303,112139,39645,,20,,,,,136,,,,,,,,,1.35
2020-08-08,19800,82881,10506,366,200105,4981,1005,49804,39645,,12,,,,,73,,,,,,,,,1.35
2020-08-09,19800,82886,10506,368,201990,4992,441,17136,39645,,4,,,,,14,,,,,,,,,1.36
2020-08-10,19834,83047,10506,396,202775,5045,2838,116892,39645,,28,,,,,180,,,,,,,,,1.37
2020-08-11,19849,83237,10505,391,204172,5012,2692,106637,39744,,21,,,,,191,,,,,,,,,1.38
2020-08-12,19866,83472,10505,379,206696,4891,2892,111735,39744,,17,,,,,143,,,,,,,,,1.4
2020-08-13,19883,83663,10505,374,209365,4864,3546,121163,39744,,25,,,,,201,,,,,,,,,1.41
2020-08-14,19901,83848,10505,367,212211,4828,3879,132851,39744,,20,,,,,173,,,,,,,,,1.43
2020-08-15,19904,83880,10505,353,215521,4817,770,26853,39744,,15,,,,,87,,,,,,,,,1.44
2020-08-16,19905,83921,10505,376,218536,4860,689,22105,39744,,2,,,,,33,,,,,,,,,1.45
2020-08-17,19924,84065,10505,384,219029,4925,5019,154341,39744,,34,,,,,234,,,,,,,,,1.46
2020-08-18,19940,84309,10511,380,221267,4823,4739,145398,39930,,28,,,,,185,,,,,,,,,1.47
2020-08-19,19957,84467,10511,374,225043,4806,4851,145186,39930,,31,,,,,162,,,,,,,,,1.48
2020-08-20,19969,84642,10511,380,229814,4748,5135,153884,39930,,28,,,,,149,,,,,,,,,1.48
2020-08-21,19992,84829,10511,379,234400,4745,5131,164860,39930,,37,,,,,210,,,,,,,,,1.48
2020-08-22,20001,84950,10511,380,238002,4711,2238,69464,39930,,10,,,,,115,,,,,,,,,1.49
2020-08-23,20002,84973,10511,383,242899,4709,1010,23588,39930,,6,,,,,29,,,,,,,,,1.48
2020-08-24,20017,85199,10511,399,244854,4690,6977,187204,39930,,43,,,,,233,,,,,,,,,1.48
2020-08-25,20038,85524,10506,410,248158,4600,6797,177699,40043,,49,,,,,265,,,,,,,,,1.47
2020-08-26,20034,85731,10506,373,253587,4535,6678,182038,40043,,21,,,,,215,,,,,,,,,1.45
2020-08-27,20070,85984,10506,381,259698,4535,7408,195124,40043,,32,,,,,225,,,,,,,,,1.43
2020-08-28,20089,86177,10507,387,267077,4535,7616,201686,40083,,32,,,,,241,,,,,,,,,1.41
2020-08-29,20095,86298,10507,400,272530,4530,3022,84891,40083,,28,,,,,135,,,,,,,,,1.39
2020-08-30,20099,86310,10507,402,277943,4535,1314,27782,40083,,5,,,,,23,,,,,,,,,1.38
2020-08-31,20128,86469,10507,409,281025,4582,9489,219614,40083,,45,,,,,254,,,,,,,,,1.36
2020-09-01,20147,86712,10514,424,286007,4604,8859,196210,40300,,54,,,,,300,,,,,,,,,1.36
2020-09-02,20172,86963,10514,446,293024,4632,9071,195211,40300,,57,,,,,317,,,,,,,,,1.35
2020-09-03,20192,87206,10514,464,300181,4643,9756,203260,40300,,55,,,,,307,,,,,,,,,1.35
2020-09-04,20210,87447,10476,473,309156,4671,10087,217610,40300,,46,,,,,292,,,,,,,,,1.34
2020-09-05,20222,87579,10476,482,317706,4839,4051,93223,40300,,23,,,,,168,,,,,,,,,1.34
2020-09-06,20225,87608,10476,486,324777,4905,1470,28461,40300,,8,,,,,66,,,,,,,,,1.33
2020-09-07,20250,87836,10476,537,328980,4907,12263,244275,40300,,83,,,,,448,,,,,,,,,1.31
2020-09-08,20289,88226,10475,574,335524,4960,11663,241301,40876,,86,,,,,490,,,,,,,,,1.29
2020-09-09,20319,88524,10475,599,344101,5003,11333,237363,40876,,71,,,,,386,,,,,,,,,1.28
2020-09-10,20338,88742,10475,615,353944,5096,12053,251244,40876,,54,,,,,352,,,,,,,,,1.26
2020-09-11,20378,89059,10515,635,363350,5155,11285,260554,41389,,64,,,,,447,,,,,,,,,1.25
2020-09-12,20395,89231,10515,662,373911,5195,4496,101940,41389,,51,,,,,243,,,,,,,,,1.24
2020-09-13,20401,89270,10515,669,381094,5247,1568,29140,41389,,18,,,,,98,,,,,,,,,1.23
2020-09-14,20435,89507,10515,712,387252,5498,14736,275457,41389,,104,,,,,545,,,,,,,,,1.23
2020-09-15,20471,89891,10528,759,395104,5679,13529,265938,42047,,117,,,,,642,,,,,,,,,1.22
2020-09-16,20517,90335,10528,803,404888,5819,13450,247179,42047,,100,,,,,649,,,,,,,,,1.21
2020-09-17,20567,90840,10528,800,415481,5844,13732,244134,42047,,81,,,,,599,,,,,,,,,1.2
2020-09-18,20689,91574,10560,827,428696,5819,13285,244457,42699,,100,,,,,850,,,,,,,,,1.18
2020-09-19,20714,92319,10560,834,442194,5512,5203,94908,42699,,73,,,,,470,,,,,,,,,1.17
2020-09-20,20725,92582,10560,841,452763,5375,1805,29833,42699,,24,,,,,139,,,,,,,,,1.14
2020-09-21,20778,93008,10560,919,458061,5616,15641,243053,42699,,143,,,,,754,,,,,,,,,1.12
2020-09-22,20845,93538,10571,951,468069,5796,14223,219114,43555,,130,,,,,783,,,,,,,,,1.1
2020-09-23,20888,93982,10571,1002,481141,5932,12993,202551,43555,,124,,,,,649,,,,,,,,,1.07
2020-09-24,20940,94413,10571,1048,497237,6031,12722,203427,43555,,124,,,,,613,,,,,,,,,1.05
2020-09-25,20995,94891,10666,1098,513034,6128,12280,209735,44471,,129,,,,,661,,,,,,,,,1.04
2020-09-26,21034,95303,10666,1111,527446,6172,4801,84881,44471,,89,,,,,503,,,,,,,,,1.02
2020-09-27,21061,95426,10666,1118,538569,6253,1387,23339,44471,,47,,,,,241,,,,,,,,,1.01
2020-09-28,21142,95774,10666,1164,542639,6415,13723,218603,44471,,137,,,,,619,,,,,,,,,1.01
2020-09-29,21201,96327,10692,1204,550690,6500,12788,195949,45090,,165,,,,,698,,,,,,,,,1.01
2020-09-30,21264,96797,10692,1238,563535,6590,13332,187812,45090,,135,,,,,650,,,,,,,,,1.01
2020-10-01,21327,97271,10692,1265,577505,6652,14638,191768,45090,,142,,,,,626,,,,,,,,,1.03
2020-10-02,21374,97778,10781,1276,589653,6758,16197,205973,45701,,120,,,,,721,,,,,,,,,1.06
2020-10-03,21417,98230,10781,1295,606625,6758,7226,89128,45701,,103,,,,,532,,,,,,,,,1.09
2020-10-04,21449,98374,10781,1341,619190,6982,1981,25097,45701,,91,,,,,418,,,,,,,,,1.14
2020-10-05,21518,98680,10781,1415,624274,7294,21442,235404,45701,,152,,,,,710,,,,,,,,,1.19
2020-10-06,21580,99295,10785,1426,634763,7398,19663,213566,46520,,168,,,,,829,,,,,,,,,1.24
2020-10-07,21660,99793,10785,1416,653509,7536,20728,209913,46520,,143,,,,,789,,,,,,,,,1.29
2020-10-08,21736,100306,10785,1427,671638,7624,22551,226355,46520,,114,,,,,711,,,,,,,,,1.33
2020-10-09,21798,100828,10832,1448,691977,7864,24077,253769,47549,,150,,,,,848,,,,,,,,,1.37
2020-10-10,21852,101311,10832,1465,718873,7997,11317,112274,47549,,110,,,,,694,,,,,,,,,1.39
2020-10-11,21898,101491,10832,1492,734974,8252,3223,31662,47549,,73,,,,,503,,,,,,,,,1.4
2020-10-12,21993,101899,10832,1548,743479,8692,31710,292276,47549,,171,,,,,916,,,,,,,,,1.4
2020-10-13,22077,102680,10856,1642,756472,8949,28593,270080,48845,,226,,,,,1168,,,,,,,,,1.4
2020-10-14,22181,103413,10856,1673,779063,9194,28802,273485,48845,,193,,,,,1133,,,,,,,,,1.39
2020-10-15,22269,104082,10856,1750,809684,9605,32024,294260,48845,,219,,,,,1207,,,,,,,,,1.39
2020-10-16,22391,104696,10912,1800,834770,10042,33611,314899,48845,,212,,,,,1225,,,,,,,,,1.39
2020-10-17,22480,105194,10912,1877,867197,10420,15289,137636,48845,,175,,,,,986,,,,,,,,,1.4
2020-10-18,22565,105431,10912,1948,897034,10918,4705,39288,48845,,147,,,,,835,,,,,,,,,1.42
2020-10-19,22711,105935,10912,2099,910277,11661,45280,346446,48845,,269,,,,,1424,,,,,,,,,1.44
2020-10-20,22873,106839,11012,2177,930745,12458,44360,313251,53385,,278,,,,,1944,,,,,,,,,1.46
2020-10-21,23036,107652,11012,2248,957421,13185,46760,321828,53385,,284,,,,,1754,,,,,,,,,1.47
2020-10-22,23198,108599,11012,2319,999043,14032,51127,347546,53385,,262,,,,,1998,,,,,,,,,1.48
2020-10-23,23382,109486,11126,2441,1041075,15008,55377,378492,57261,,299,,,,,2091,,,,,,,,,1.48
2020-10-24,23519,110322,11126,2500,1086497,15660,25152,162142,57261,,233,,,,,2500,,,,,,,,,1.47
2020-10-25,23635,110660,11126,2584,1138507,16477,7331,46108,57261,,191,,,,,1298,,,,,,,,,1.45
2020-10-26,23892,111347,11126,2770,1165278,17784,68748,418365,57261,,357,,,,,2314,,,,,,,,,1.43
2020-10-27,24180,112716,11361,2918,1198695,18978,61525,376280,62297,,431,,,,,2988,,,,,,,,,1.4
2020-10-28,24424,113977,11361,3045,1235132,20207,56928,367972,62297,,372,,,,,2821,,,,,,,,,1.37
2020-10-29,24659,115287,11361,3156,1282769,21183,56175,377046,62297,,395,,,,,2607,,,,,,,,,1.33
2020-10-30,24914,116533,11651,3377,1331984,22176,58576,401738,68349,,422,,,,,2563,,,,,,,,,1.29
2020-10-31,25137,117658,11651,3452,1367625,23036,26280,172341,68349,,339,,,,,2274,,,,,,,,,1.25
2020-11-01,25368,118227,11651,3578,1413915,24031,6972,45700,68349,,289,,,,,1883,,,,,,,,,1.21
2020-11-02,25784,119104,11651,3730,1466433,25143,70100,436076,68349,,430,,,,,2547,,,,,,,,,1.17
2020-11-03,26210,120714,12079,3878,1502763,26265,59106,383146,73958,,469,,,,,3311,,,,,,,,,1.12
2020-11-04,26595,122662,12079,4089,1543321,27534,50125,354359,73958,,540,,,,,3681,,,,,,,,,1.07
2020-11-05,26958,124278,12079,4230,1601367,28426,46940,368557,73958,,447,,,,,2989,,,,,,,,,1.03
2020-11-06,27356,126329,12509,4331,1661853,28979,45014,376705,80369,,434,,,,,3140,,,,,,,,,0.98
2020-11-07,27660,127938,12509,4421,1748705,29421,17943,147212,80369,,394,,,,,2458,,,,,,,,,0.93
2020-11-08,27930,128614,12509,4539,1787324,30243,4379,34818,80369,,323,,,,,1814,,,,,,,,,0.88
2020-11-09,28478,129735,12509,4690,1807479,31125,47650,390580,80369,,484,,,,,2670,,,,,,,,,0.84
2020-11-10,28944,131920,13263,4750,1829659,31505,37425,350357,87932,,473,,,,,3169,,,,,,,,,0.8
2020-11-11,29272,133696,13263,4803,1865538,31946,5381,50678,87932,,351,,,,,2588,,,,,,,,,0.76
2020-11-12,29697,134954,13263,4899,1898710,32683,36531,360551,87932,,386,,,,,2366,,,,,,,,,0.72
2020-11-13,30153,137155,13739,4903,1922504,32707,28927,309437,94240,,471,,,,,2830,,,,,,,,,0.69
2020-11-14,30507,139140,13739,4871,1954599,32499,11003,115536,94240,,326,,,,,2194,,,,,,,,,0.67
2020-11-15,30809,139810,13739,4896,1981827,33081,2711,26585,94240,,270,,,,,2194,,,,,,,,,0.65
2020-11-16,31315,140880,13739,4919,1991233,33497,30359,312249,94240,,366,,,,,2064,,,,,,,,,0.63
2020-11-17,31743,143152,14530,4854,2036755,33170,21815,258576,101482,,382,,,,,2505,,,,,,,,,0.62
2020-11-18,32168,145391,14530,4775,2065138,32842,17370,215399,101482,,357,,,,,2428,,,,,,,,,0.62
2020-11-19,32597,147569,14530,4653,2086288,32345,16841,236984,101482,,311,,,,,2213,,,,,,,,,0.61
2020-11-20,32978,149521,15287,4582,2109170,31906,16262,246998,107460,,263,,,,,1962,,,,,,,,,0.61
2020-11-21,33231,151177,15287,4509,2127051,31197,7255,105532,107460,,219,,,,,1509,,,,,,,,,0.61
2020-11-22,33445,151681,15287,4509,2140208,31554,1832,24564,107460,,171,,,,,904,,,,,,,,,0.61
2020-11-23,33945,152592,15287,4454,2144660,31481,17759,257692,107460,,243,,,,,1377,,,,,,,,,0.61
2020-11-24,34399,154679,15838,4289,2153815,30622,13742,214347,112080,,269,,,,,1781,,,,,,,,,0.62
2020-11-25,34780,156552,15838,4148,2170097,29972,12636,194890,112080,,257,,,,,1674,,,,,,,,,0.62
2020-11-26,35119,158236,15838,4018,2183660,29310,12533,208216,112080,,192,,,,,1459,,,,,,,,,0.63
2020-11-27,35512,159915,16402,3883,2196119,28648,12463,220698,116240,,206,,,,,1468,,,,,,,,,0.63
2020-11-28,35725,161137,16402,3777,2208699,28168,6079,99512,116240,,122,,,,,973,,,,,,,,,0.65
2020-11-29,35923,161427,16402,3756,2218483,28313,1608,23774,116240,,102,,,,,650,,,,,,,,,0.66
2020-11-30,36329,162281,16402,3751,2222488,28258,15868,239369,116240,,196,,,,,1251,,,,,,,,,0.68
2020-12-01,36692,164029,16814,3605,2230571,27639,12401,199683,119716,,234,,,,,1572,,,,,,,,,0.71
2020-12-02,37002,165563,16814,3488,2244635,27013,11545,180924,119716,,160,,,,,1252,,,,,,,,,0.74
2020-12-03,37326,166940,16814,3425,2257331,26703,12043,200341,119716,,184,,,,,1448,,,,,,,,,0.77
2020-12-04,37608,168352,17159,3293,2268552,26311,12564,218844,123298,,163,,,,,1399,,,,,,,,,0.81
2020-12-05,37822,169358,17159,3230,2281475,26070,6583,105209,123298,,125,,,,,1017,,,,,,,,,0.84
2020-12-06,37996,169586,17159,3220,2292497,26293,1754,26391,123298,,101,,,,,625,,,,,,,,,0.87
2020-12-07,38362,170285,17159,3198,2295908,26365,16736,257388,123298,,202,,,,,1200,,,,,,,,,0.9
2020-12-08,38739,171868,17613,3088,2309621,25914,13252,225379,126828,,214,,,,,1587,,,,,,,,,0.93
2020-12-09,39035,173247,17613,3041,2324216,25558,12744,207106,126828,,170,,,,,1372,,,,,,,,,0.96
2020-12-10,39327,174658,17613,2959,2337966,25231,13564,226586,126828,,191,,,,,1440,,,,,,,,,0.98
2020-12-11,39631,175891,17936,2884,2351372,24975,14085,252494,129501,,180,,,,,1334,,,,,,,,,1.01
2020-12-12,39825,176743,17936,2861,2365319,24980,7847,133181,129501,,127,,,,,1096,,,,,,,,,1.03
2020-12-13,39975,176995,17936,2871,2376852,25239,2048,34378,129501,,89,,,,,668,,,,,,,,,1.06
2020-12-14,40346,177647,17936,2906,2379915,25481,19688,329819,129501,,209,,,,,1316,,,,,,,,,1.09
2020-12-15,40653,179087,18419,2881,2391447,25240,15940,314148,133545,,211,,,,,1560,,,,,,,,,1.11
2020-12-16,40942,180311,18419,2850,2409062,25315,15390,337095,133545,,219,,,,,1659,,,,,,,,,1.13
2020-12-17,41200,181506,18419,2808,2427316,25182,15872,399342,133545,,151,,,,,1362,,,,,,,,,1.15
2020-12-18,41455,182656,18774,2773,2442990,24977,17492,507411,137358,,176,,,,,1281,,,,,,,,,1.15
2020-12-19,41644,183571,18774,2727,2460555,24851,10681,336141,137358,,123,,,,,1003,,,,,,,,,1.15
2020-12-20,41775,183806,18774,2754,2473354,24993,3667,118132,137358,,91,,,,,599,,,,,,,,,1.14
2020-12-21,42126,184464,18774,2746,2479151,25233,21283,679764,137358,,179,,,,,1284,,,,,,,,,1.12
2020-12-22,42507,186058,19195,2728,2490946,24964,18332,741856,140766,,256,,,,,1776,,,,,,,,,1.09
2020-12-23,42783,187272,19195,2710,2505875,24884,16831,734785,140766,,200,,,,,1421,,,,,,,,,1.06
2020-12-24,43073,188639,19195,2652,2527509,24639,12983,505992,140766,,186,,,,,1452,,,,,,,,,1.02
2020-12-25,43232,189445,19195,2625,2547771,24392,1302,38767,140766,,112,,,,,743,,,,,,,,,0.99
2020-12-26,43378,189718,19195,2649,2550864,24477,9753,222810,140766,,101,,,,,513,,,,,,,,,0.97
2020-12-27,43551,189941,19195,2659,2559686,24653,2097,48016,140766,,107,,,,400,589,,400,,,,58500,58500,,0.96
2020-12-28,43914,190722,19195,2703,2562646,24678,22062,397738,140766,,229,,,,823,1212,,423,,,,58500,58500,,0.95
2020-12-29,44298,191806,19780,2675,2574041,24776,19539,366121,145914,,251,,,,1094,1625,,271,,,,58500,58500,,0.96
2020-12-30,44601,193045,19780,2661,2600498,24593,19198,399554,145914,,209,,,,1418,1399,,324,,,,58500,58500,,0.97
2020-12-31,44852,194221,19780,2634,2620425,24440,15552,337208,145914,,176,,,,1672,1310,,254,,,,58500,58500,,0.99
2021-01-01,44985,194901,19780,2618,2639773,24296,1517,33219,145914,,99,,,,1973,677,,301,,,,58500,58500,,1.01
2021-01-02,45141,195174,19780,2641,2643239,24491,13401,229971,145914,,101,,,,2212,645,,239,,,,58500,58500,,1.03
2021-01-03,45257,195386,19780,2674,2655728,24813,2818,47173,145914,,101,,,,2488,656,,276,,,,522600,522600,,1.06
2021-01-04,45635,196037,19780,2666,2659750,24995,27817,427645,145914,,245,,,,4260,1258,,1772,,,,522600,522600,,1.09
2021-01-05,45980,197503,20302,2625,2680239,24904,22099,344235,149671,,244,,,,9973,1737,,5713,,,,522600,522600,,1.12
2021-01-06,46263,198756,20302,2616,2705618,24741,19479,312996,149671,,234,,,,21591,1433,,11618,,,,522600,522600,,1.15
2021-01-07,46539,200079,20302,2582,2727321,24521,18757,326630,149671,,180,,,,50667,1438,,29076,,,,522600,522600,,1.17
2021-01-08,46815,201286,20616,2615,2747135,24410,19401,350028,152693,,245,,,,87402,1439,,36735,,,,522600,522600,,1.18
2021-01-09,46983,202165,20616,2609,2767312,24273,10921,188814,152693,,143,,,,98480,941,,11078,,,,522600,522600,,1.18
2021-01-10,47134,202429,20616,2629,2783256,24559,2573,42285,152693,,117,,,,104249,728,,5769,,,,1042275,1042275,0,1.17
2021-01-11,47444,203072,20616,2676,2786838,24846,26074,396962,152693,,208,,,,143890,1285,,39641,,,,1042275,1042275,0,1.15
2021-01-12,47799,204390,21003,2688,2806590,24737,20324,337656,156006,,257,,,,205561,1653,,61671,,,,1042275,1042275,0,1.13
2021-01-13,48028,205672,21003,2711,2830442,24769,19835,312625,156006,,208,,,,270190,1581,,64629,,,,1042275,1042275,0,1.11
2021-01-14,48310,206802,21003,2726,2851670,25017,19956,322335,156006,,206,,,,352219,1685,,82029,,,,1042275,1042275,0,1.1
2021-01-15,48590,208071,21359,2740,2872941,25043,20901,350021,159791,,249,,,,420744,1630,,68525,,,,1042275,1042275,0,1.09
2021-01-16,48783,209056,21359,2741,2894347,25019,11819,198230,159791,,188,,,,440778,1197,,20034,,,,1042275,1042275,0,1.08
2021-01-17,48924,209343,21359,2776,2910989,25269,2841,44619,159791,,136,,,,451588,697,,10810,,,,1611600,1560000,51600,1.08
2021-01-18,49327,210200,21359,2813,2914725,25619,29121,397123,159791,,254,,,,537002,1659,,85414,10613,34,10647,1611600,1560000,51600,1.09
2021-01-19,49696,211816,21646,2839,2938333,25567,22710,336768,162430,,313,,,,667083,1988,,130081,10613,34,10647,1611600,1560000,51600,1.09
2021-01-20,50006,213242,21646,2852,2965117,25686,21497,320195,162430,,292,,,,804111,1907,,137028,10613,34,10647,1611600,1560000,51600,1.09
2021-01-21,50352,214538,21646,2876,2987965,25735,21870,339876,162430,,252,,,,961715,1755,,157604,10613,34,10647,1611600,1560000,51600,1.09
2021-01-22,50671,215822,21976,2912,3011257,25908,22823,382297,166457,,269,,,,1082186,1857,364235,120471,10613,34,10647,1611600,1560000,51600,1.08
2021-01-23,50901,216725,21976,2896,3035181,25900,12812,201342,166457,,172,,,,1120458,1169,364235,38272,10613,34,10647,1611600,1560000,51600,1.07
2021-01-24,51073,216965,21976,2965,3053617,26393,2755,42546,166457,,175,,,,1130065,918,364235,9607,10613,34,10647,2002380,1950780,51600,1.07
2021-01-25,51518,217708,21976,3041,3057857,26924,29850,431063,166457,,298,,,,1207837,1768,333655,77772,11818,267,12085,2002380,1950780,51600,1.06
2021-01-26,51868,219152,22238,3081,3079943,27041,22206,359201,169291,,343,,,,1307794,2002,333655,99957,11818,267,12085,2002380,1950780,51600,1.05
2021-01-27,52218,220570,22238,3107,3106859,27169,21128,339921,169291,,318,,,,1414657,1931,333655,106863,11818,267,12085,2002380,1950780,51600,1.05
2021-01-28,52562,221903,22238,3111,3130629,27166,22390,384735,169291,,270,,,,1538536,1719,333655,123879,11818,267,12085,2002380,1950780,51600,1.04
2021-01-29,52917,223174,22703,3130,3153487,27308,23060,414021,173312,,271,,,,1630321,1820,333655,91785,11818,267,12085,2002380,1950780,51600,1.04
2021-01-30,53159,224120,22703,3113,3177879,27282,12887,216809,173312,,192,,,,1659272,1174,333655,28951,11818,267,12085,2002380,1950780,51600,1.03
2021-01-31,53354,224406,22703,3158,3197114,27613,3145,44476,173312,,148,,,,1664360,816,298540,5088,11818,267,12085,2574510,2522910,51600,1.03
2021-02-01,53809,225319,22703,3228,3201461,27914,30038,441380,173312,,318,,,,1716653,1748,298540,52293,9741,2156,11897,2574510,2522910,51600,1.02
2021-02-02,54213,226896,23025,3280,3224798,28071,22756,384641,175811,,368,,,,1788348,2184,298540,71695,9741,2156,11897,2574510,2522910,51600,1.01
2021-02-03,54570,228472,23025,3277,3251160,27955,20718,350023,175811,,275,,,,1860175,1878,298540,71827,9741,2156,11897,2574510,2522910,51600,1
2021-02-04,54927,229975,23025,3250,3274608,27808,20713,378658,175811,,275,,,,1941674,1745,298540,81499,9741,2156,11897,2574510,2522910,51600,0.99
2021-02-05,55220,231549,23383,3245,3296747,27614,21468,422266,179604,,254,,,,2009489,1715,298540,67815,9741,2156,11897,2574510,2522910,51600,0.98
2021-02-06,55411,232693,23383,3225,3317333,27369,12100,222052,179604,,168,,,,2031660,1122,298540,22171,9741,2156,11897,2574510,2522910,51600,0.96
2021-02-07,55582,232977,23383,3272,3337048,27694,2611,43371,179604,,160,,,,2036693,785,298540,5033,9741,2156,11897,3487620,3088020,126000,0.95
2021-02-08,56040,233993,23383,3363,3341365,28037,25685,427443,179604,,355,,,,2083085,1889,298540,46392,8444,4359,12803,3487620,3088020,126000,0.94
2021-02-09,56476,235717,23671,3342,3360235,27677,19805,379381,181965,,333,,,,2148639,1926,298540,65554,8444,4359,12803,3487620,3088020,126000,0.93
2021-02-10,56772,237113,23671,3319,3385622,27461,18264,345271,181965,,282,,,,2218873,1520,298540,70234,8444,4359,12803,3487620,3088020,126000,0.92
2021-02-11,57132,238753,23671,3337,3406685,27007,17491,363138,181965,,269,,,,2305511,1610,298540,86638,8444,4359,12803,3487620,3088020,126000,0.91
2021-02-12,57449,240290,23999,3308,3427386,26468,18537,402956,184192,,264,,,,2384094,1402,205385,78583,8444,4359,12803,3487620,3088020,126000,0.91
2021-02-13,57648,241354,23999,3304,3448617,26240,10755,216134,184192,,191,,,,2406116,1082,205385,22022,8444,4359,12803,3487620,3088020,126000,0.91
2021-02-14,57815,241628,23999,3309,3465163,26445,2590,42733,184192,,113,,,,2410952,649,205385,4836,8444,4359,12803,4518300,3654300,273600,0.91
2021-02-15,58227,242528,23999,3381,3469539,26522,24969,420200,184192,,306,,,,2448521,1426,205385,37569,5792,9733,15525,4518300,3654300,273600,0.92
2021-02-16,58578,244238,24234,3348,3489129,26239,19739,360977,186226,,322,,,,2498313,1853,205385,49792,5792,9733,15525,4518300,3654300,273600,0.93
2021-02-17,58888,245737,24234,3350,3514147,25974,19684,338255,186226,,309,,,,2548244,1555,205385,49931,5792,9733,15525,4518300,3654300,273600,0.95
2021-02-18,59159,247127,24234,3394,3536648,25762,20500,362499,186226,,261,,,,2617284,1486,231294,69040,5792,9733,15525,4518300,3654300,273600,0.97
2021-02-19,59484,248488,24480,3390,3560764,25551,22266,404684,188270,,308,,,,2681819,1537,231294,64535,5792,9733,15525,4518300,3654300,273600,1
2021-02-20,59641,249520,24480,3369,3583135,25269,12530,215407,,,195,,,,2700112,1029,231294,18293,5792,9733,15525,4518300,3654300,273600,1.02
2021-02-21,59800,249727,24480,3392,3605181,25464,3031,43505,,,141,,,,2703225,593,231294,3113,5792,9733,15525,5749950,4338750,273600,1.05
2021-02-22,60133,250532,24480,3407,3609827,25831,29153,407028,,,274,,,,2740245,1529,231294,37020,7583,11883,19466,5749950,4338750,273600,1.06
2021-02-23,60443,252083,24601,3435,3629891,25660,22181,344211,,,345,,,,2793489,1780,231294,53244,7583,11883,19466,5749950,4338750,273600,1.07
2021-02-24,60720,253450,24601,3436,3661410,25614,21048,328880,,,319,,,,2852744,1636,231294,59255,7583,11883,19466,5749950,4338750,273600,1.08
2021-02-25,60981,254868,24601,3430,3686813,25317,21025,344404,,,301,,,,2952615,1454,231294,99871,7583,11883,19466,5749950,4338750,273600,1.07
2021-02-26,61265,256326,24856,3445,3712020,25130,21606,389895,,,303,,,,3065368,1634,159072,112753,7583,11883,19466,5749950,4338750,273600,1.06
2021-02-27,61450,257258,24856,3453,3736016,24989,12616,206530,,,208,,,,3117089,1007,159072,51721,7583,11883,19466,5749950,4338750,273600,1.05
2021-02-28,61572,257555,24856,3492,3755968,25280,2947,44423,,,164,,,,3123045,728,159072,5956,7583,11883,19466,6451950,5040750,273600,1.04
2021-03-01,61947,258384,24856,3544,3760671,25430,27422,404245,,,347,,,,3187697,1393,159072,64652,21043,10151,31194,6451950,5040750,273600,1.02
2021-03-02,62247,259893,24973,3586,3783528,25263,21151,337545,,,366,,,,3288162,1705,159072,100465,21043,10151,31194,6451950,5040750,273600,1.02
2021-03-03,62569,261289,24973,3637,3810316,25111,20453,320358,,,322,,,,3403450,1622,159072,115288,21043,10151,31194,6451950,5040750,273600,1.01
2021-03-04,62862,262690,24973,3633,3835595,24891,20495,345076,,,293,,,,3565967,1538,159072,162517,21043,10151,31194,6451950,5040750,273600,1.01
2021-03-05,63100,263919,25174,3680,3859102,24765,21912,395865,,,324,,,,3765699,1397,159072,199732,21043,10151,31194,6451950,5040750,273600,1.01
2021-03-06,63270,264909,25174,3689,3882408,24625,13697,213949,,,233,,,,3972772,1097,159072,207073,21043,10151,31194,6451950,5040750,273600,1.02
2021-03-07,63400,265295,25174,3743,3904233,24818,3146,46181,,,187,,,,4093506,720,159072,120734,21043,10151,31194,7955970,5796570,550800,1.03
2021-03-08,63759,266096,25174,3849,3909560,25195,29327,427662,,,381,,,,4199721,1584,35988,106215,25321,8366,33687,7955970,5796570,550800,1.04
2021-03-09,64057,267539,25244,3918,3932862,25201,23641,370517,,,421,,,,4371167,1810,35988,171446,25321,8366,33687,7955970,5796570,550800,1.05
2021-03-10,64321,269019,25311,3918,3963165,24969,23804,346112,,,343,,,,4548734,1574,35988,177567,25321,8366,33687,7955970,5796570,550800,1.07
2021-03-11,64586,270433,25311,3992,3990331,24858,24621,410370,,,385,,,,4790273,1609,35988,241539,25321,8366,33687,7955970,5796570,550800,1.08
2021-03-12,64809,271678,25311,4033,4015560,24749,26446,464619,,,306,,,,5083793,1448,35988,293520,25321,8366,33687,7955970,5796570,550800,1.1
2021-03-13,64978,272615,25311,4070,4045319,24671,17026,245043,,,263,,,,5314151,1087,35988,230358,25321,8366,33687,7955970,5796570,550800,1.12
2021-03-14,65118,272960,25311,4127,4071662,24989,4244,54509,,,188,,,,5377035,821,35988,62884,25321,8366,33687,9500250,6596850,550800,1.14
2021-03-15,65451,273771,25311,4219,4078133,25469,38779,495130,,,401,,,,5534483,1676,35988,157448,32118,7139,39258,9500250,6596850,550800,1.17
2021-03-16,65765,275360,25405,4239,4108108,25492,30758,448929,,,435,,,,5675084,2005,24792,140601,32118,7139,39258,9500250,6596850,550800,1.19
2021-03-17,66006,276993,25405,4219,4146609,25314,30439,404630,,,357,,,,5824625,1745,24792,149541,32118,7139,39258,9500250,6596850,550800,1.2
2021-03-18,66274,278263,25405,4246,4181607,25389,31205,483342,,,382,,,,5991350,1661,24792,166725,32118,7139,39258,9500250,6596850,550800,1.22
2021-03-19,66559,279646,25405,4287,4216695,25339,33200,545137,,,383,,,,6220213,1699,4780,228863,32118,7139,39258,9500250,6596850,550800,1.23
2021-03-20,66735,280571,25405,4353,4252022,25537,20732,282851,,,317,,,,6386132,1348,4780,165919,32118,7139,39258,9500250,6596850,550800,1.23
2021-03-21,66873,280955,25405,4406,4282603,25926,5008,59732,,,196,,,,6435545,926,4780,49413,32118,7139,39258,10991730,7397130,922800,1.23
2021-03-22,67216,281885,25405,4548,4298395,26488,46939,581562,,,471,,,,6604403,1902,4780,168858,39517,8608,48125,10991730,7397130,922800,1.23
2021-03-23,67503,283507,25405,4634,4313073,26756,38088,535627,,,488,,,,6853428,2286,717552,249025,39517,8608,48125,10991730,7397130,922800,1.22
2021-03-24,67748,285199,25405,4651,4378446,26876,37136,483128,,,384,,,,7109014,2130,717552,255586,39517,8608,48125,10991730,7397130,922800,1.22
2021-03-25,67973,286607,25405,4709,4424087,27036,38227,570672,,,408,,,,7449492,1860,717552,340478,39517,8608,48125,10991730,7397130,922800,1.22
2021-03-26,68276,288062,25999,4766,4465956,27242,39932,635140,,,476,,,,7807028,2048,1225188,357536,39517,8608,48125,10991730,7397130,922800,1.21
2021-03-27,68466,289350,25999,4791,4508575,27259,25130,347455,,,332,,,,8001537,1567,1225188,194509,39517,8608,48125,10991730,7397130,922800,1.21
2021-03-28,68597,289752,25999,4872,4545589,27712,5122,63358,,,238,,,,8060442,1017,1225188,58905,39517,8608,48125,12386520,8645520,922800,1.2
2021-03-29,68957,290810,25999,4974,4554683,28322,53130,687426,,,484,,,,8262472,2099,1225188,202030,40914,18116,59030,12386520,8645520,922800,1.18
2021-03-30,69293,292796,26044,5072,4585385,28510,43554,656016,,,569,,,,8546579,2579,1040340,284107,40914,18116,59030,12386520,8645520,922800,1.16
2021-03-31,69596,294638,26044,5053,4644423,28463,39629,570396,,,472,,,,8808297,2209,1040340,261718,40914,18116,59030,12386520,8645520,922800,1.14
2021-04-01,69904,296166,26044,5109,4695082,28581,39506,660087,,,480,,,,9121474,2035,1363200,313177,40914,18116,59030,12386520,8645520,922800,1.1
2021-04-02,70204,297734,26076,5254,4741759,28729,38693,670440,,,505,,,,9401462,2092,1363200,279988,40914,18116,59030,12386520,8645520,922800,1.07
2021-04-03,70389,299075,26076,5273,4755676,28886,24320,406226,,,399,,,,9541662,1730,1363200,140200,40914,18116,59030,12386520,8645520,922800,1.03
2021-04-04,70574,299624,26076,5341,4822470,29356,4932,66133,,,270,,,,9587058,1224,1363200,45396,40914,18116,59030,13961340,9892740,1094400,1
2021-04-05,70771,300064,26076,5433,4833263,29907,8602,102929,,,284,,,,9646760,1219,939360,59702,44508,21306,65815,13961340,9892740,1094400,0.98
2021-04-06,71180,301299,26093,5626,4841308,30639,53843,630442,,,632,,,,9862332,2459,939360,215572,44508,21306,65815,13961340,9892740,1094400,0.96
2021-04-07,71601,303639,26093,5729,4854259,30904,39110,478017,,,673,,,,10120717,3131,939360,258385,44508,21306,65815,13961340,9892740,1094400,0.95
2021-04-08,71944,305711,26093,5705,4939258,30555,37007,469491,,,498,,,,10456441,2156,939360,335724,44508,21306,65815,13961340,9892740,1094400,0.95
2021-04-09,72243,307674,26124,5757,4980501,30326,37967,509716,,,498,,,,10864661,2120,939360,408220,44508,21306,65815,13961340,9892740,1094400,0.95
2021-04-10,72450,309136,26124,5769,5023785,30238,24061,296143,,,388,,,,11076218,1649,939360,211557,44508,21306,65815,13961340,9892740,1094400,0.96
2021-04-11,72626,309787,26124,5838,5058680,30671,5008,59391,,,286,,,,11131727,1305,939360,55509,44508,21306,65815,17648610,11730810,1479600,0.97
2021-04-12,73011,310934,26124,5916,5067216,31262,46289,479982,,,492,,,,11367274,2172,1298640,235547,47790,32012,79806,17648610,11730810,1479600,0.97
2021-04-13,73335,313051,26145,5952,5106329,31226,34343,391481,,,555,,,,11674998,2501,1298640,307724,47790,32012,79806,17648610,11730810,1479600,0.97
2021-04-14,73632,315152,26145,5902,5149834,30868,31734,370342,,,441,,,,11967207,2072,1558674,292209,47790,32012,79806,17648610,11730810,1479600,0.97
2021-04-15,73928,317036,26145,5924,5187879,30668,31432,375978,,,501,,,,12301698,2062,1558674,334491,47790,32012,79806,17648610,11730810,1479600,0.96
2021-04-16,74234,318923,26170,5914,5224321,30472,32279,417543,,,463,,,,12639408,2044,1558674,337710,47790,32012,79806,17648610,11730810,1479600,0.95
2021-04-17,74423,320275,26170,5877,5260182,30329,20400,248259,,,359,,,,12827106,1471,1558674,187698,47790,32012,79806,17648610,11730810,1479600,0.95
2021-04-18,74563,320757,26170,5893,5289526,30789,4597,52311,,,233,,,,12878108,1111,1558674,51002,47790,32012,79806,20144280,13568880,1945200,0.94
2021-04-19,75010,321889,26170,5970,5296222,31214,41366,418542,,,502,,,,13082274,2066,1146588,204166,48324,36962,85289,20144280,13568880,1945200,0.93
2021-04-20,75384,323961,26184,5984,5339320,31086,30755,343724,,,601,,,,13334723,2404,1146588,252449,48324,36962,85289,20144280,13568880,1945200,0.92
2021-04-21,75697,325811,26184,5959,5374288,30954,29202,326481,,,476,,,,13586038,2095,1146588,251315,48324,36962,85289,20144280,13568880,1945200,0.92
2021-04-22,75980,327668,26184,5981,5408606,30634,28014,331139,,,478,,,,13871693,1878,1146588,285655,48324,36962,85289,20144280,13568880,1945200,0.91
2021-04-23,76285,329405,26211,5962,5440946,30438,28363,377861,,,436,,,,14167019,1932,1926042,295326,48324,36962,85289,20144280,13568880,1945200,0.9
2021-04-24,76502,330838,26211,5958,5473579,30100,17505,223674,,,348,,,,14356345,1368,1926042,189326,48324,36962,85289,20144280,13568880,1945200,0.89
2021-04-25,76647,331362,26211,5978,5498044,30287,3624,49268,,,218,,,,14425261,881,1926042,68916,48324,36962,85289,22663950,15406950,1945200,0.88
2021-04-26,77045,332563,26211,6001,5503996,30596,34219,407447,,,470,,,,14644801,1944,1926042,219540,54277,42497,96775,22663950,15406950,1945200,0.86
2021-04-27,77370,334577,26233,5943,5534313,30281,24814,360034,,,484,,,,14927581,2109,1122408,282780,54277,42497,96775,22663950,15406950,1945200,0.85
2021-04-28,77685,336281,26233,5879,5565852,29911,22117,315329,,,349,,,,15225359,1708,1122408,297778,54277,42497,96775,22663950,15406950,1945200,0.83
2021-04-29,77991,338000,26233,5804,5592390,29487,21306,387020,,,392,,,,15580466,1711,1122408,355107,54277,42497,96775,22663950,15406950,1945200,0.82
2021-04-30,78261,339650,26253,5675,5616689,28930,22670,470591,,,323,,,,15950725,1433,1122408,370259,54277,42497,96775,22663950,15406950,1945200,0.81
2021-05-01,78453,340997,26253,5581,5642359,28603,3995,69450,,,310,,,,16115857,1246,1122408,165132,54277,42497,96775,22663950,15406950,1945200,0.79
2021-05-02,78566,341458,26253,5585,5652247,28818,3563,58017,,,173,,,,16206632,798,1122408,90775,54277,42497,96775,25617660,17984460,2211600,0.79
2021-05-03,78877,342451,26253,5630,5656007,28950,28933,473404,,,386,,,,16492558,1495,1122408,285926,66217,45054,111272,25617660,17984460,2211600,0.78
2021-05-04,79120,344265,26267,5504,5680378,28427,20212,405706,,,355,,,,16805233,1591,2504694,312675,66217,45054,111272,25617660,17984460,2211600,0.77
2021-05-05,79364,346184,26267,5402,5706378,27686,17637,354362,,,312,,,,17128357,1459,2504694,323124,66217,45054,111272,25617660,17984460,2211600,0.77
2021-05-06,79583,347768,26267,5231,5728090,26985,17148,444149,,,273,,,,17504336,1151,2332452,375979,66217,45054,111272,25617660,17984460,2211600,0.77
2021-05-07,79809,349293,26292,5106,5747214,26331,18167,508482,,,269,,,,17874371,1140,2332452,370035,66217,45054,111272,25617660,17984460,2211600,0.77
2021-05-08,79985,350471,26292,5005,5767959,25800,4036,87101,,,191,,,,18095051,844,2332452,220680,66217,45054,111272,25617660,17984460,2211600,0.77
2021-05-09,80100,350873,26292,4971,5777087,25797,2883,57974,,,124,,,,18223919,527,2332452,128868,66217,45054,111272,30795900,20502300,2515200,0.77
2021-05-10,80392,351795,26292,4870,5780379,25666,23897,522292,,,265,,,,18532854,1125,2332452,308935,101995,33249,135247,30795900,20502300,2515200,0.77
2021-05-11,80628,353370,26307,4743,5800170,25028,16633,481167,,,285,,,,18933570,1239,2570886,400716,101995,33249,135247,30795900,20502300,2515200,0.77
2021-05-12,80812,354860,26307,4583,5821668,24254,16058,449475,,,217,,,,19363896,965,2570886,430326,101995,33249,135247,30795900,20502300,2515200,0.78
2021-05-13,80943,355927,26307,4442,5841129,23656,3053,78615,,,139,,,,19699548,618,2570886,335652,101995,33249,135247,30795900,20502300,2515200,0.78
2021-05-14,81116,356700,26307,4352,5848154,23406,17416,453024,,,152,,,,20150130,733,2570886,450582,101995,33249,135247,30795900,20502300,2515200,0.79
2021-05-15,81228,357613,26307,4271,5863839,22950,8919,228387,,,134,,,,20521708,580,2570886,371578,101995,33249,135247,30795900,20502300,2515200,0.8
2021-05-16,81309,357928,26307,4255,5877787,22963,2312,54308,,,102,,,,20723117,416,2570886,201409,101995,33249,135247,34123710,23021310,2959200,0.81
2021-05-17,81505,358776,26307,4186,5881137,22749,19788,473762,,,204,,,,21096340,871,2570886,373223,95913,26804,122728,34123710,23021310,2959200,0.82
2021-05-18,81692,360213,26348,4015,5898347,22058,15503,437507,,,247,,,,21552324,996,2570886,455984,95913,26804,122728,34123710,23021310,2959200,0.83
2021-05-19,81833,361460,26348,3862,5917397,21347,13676,387968,,,168,,,,22016486,712,2570886,464162,95913,26804,122728,34123710,23021310,2959200,0.84
2021-05-20,81966,362593,26348,3769,5568551,20750,12550,430204,,,202,2531223,1858068,442570,22520148,709,2357220,503662,95913,26804,122728,34123710,23021310,2959200,0.85
2021-05-21,82075,363600,26362,3631,5581351,20209,12507,454222,,,139,2531223,1858068,442570,23006427,625,2357220,486279,95913,26804,122728,34123710,23021310,2959200,0.85
2021-05-22,82164,364391,26362,3544,5593962,19765,7792,244957,,,115,2531223,1858068,442570,23351538,468,2357220,345111,95913,26804,122728,34123710,23021310,2959200,0.85
2021-05-23,82234,364695,26362,3515,5603666,19720,1777,52583,,,73,2531223,1858068,442570,23512212,324,2357220,160674,95913,26804,122728,37647020,25540320,3403200,0.85
2021-05-24,82296,364902,26362,3496,5605895,19701,3500,96934,,,66,2531223,1858068,442570,23773549,260,2357220,261337,71101,32006,103121,37647020,25540320,3403200,0.84
2021-05-25,82494,365739,26385,3447,5609050,19430,16536,485434,,,205,2531223,1858068,442570,24170582,796,2357220,397033,71101,32006,103121,37647020,25540320,3403200,0.84
2021-05-26,82638,367046,26385,3330,5621696,18593,11863,357218,,,181,2531223,1858068,442570,24580986,671,2357220,410404,71101,32006,103121,37647020,25540320,3403200,0.83
2021-05-27,82780,368023,26385,3206,5635629,17941,11135,408093,,,127,1960225,1368900,385570,25027654,499,1993122,446668,71101,32006,103121,37647020,25540320,3403200,0.82
2021-05-28,82878,369109,26412,3104,5646897,17272,10609,446847,,,155,1960225,1368900,385570,25454363,539,1993122,426709,71101,32006,103121,37647020,25540320,3403200,0.81
2021-05-29,82946,369789,26412,3028,5657572,16847,6346,229396,,,93,1960225,1368900,385570,25751768,334,1993122,297405,71101,32006,103121,37647020,25540320,3403200,0.81
2021-05-30,82990,370014,26412,2993,5666113,16775,1493,51041,,,43,1960225,1368900,385570,25857893,199,1993122,106125,71101,32006,103121,40844000,28060500,3847200,0.81
2021-05-31,83116,370577,26412,2945,5667324,16596,11771,400167,,,140,1960225,1368900,385570,26213418,529,1993122,355525,1983560,926019,2917188,40844000,28060500,3847200,0.8
2021-06-01,83243,371500,26419,2825,5677172,16088,7957,348579,,,145,1960225,1368900,385570,26635550,596,1993122,422132,1983560,926019,2917188,40844000,28060500,3847200,0.8
2021-06-02,83339,372310,26419,2754,5685915,15638,7596,314482,,,106,1960225,1368900,385570,27047754,491,1993122,412204,1983560,926019,2917188,40844000,28060500,3847200,0.79
2021-06-03,83409,373033,26419,2677,5694076,15283,7009,367151,,,94,1960225,1368900,385570,27505807,458,3066882,458053,1983560,926019,2917188,40844000,28060500,3847200,0.78
2021-06-04,83490,373818,26426,2571,5701029,14801,6620,419741,,,91,2536780,2072610,277820,27957119,408,3066882,451312,1983560,926019,2917188,40844000,28060500,3847200,0.76
2021-06-05,83547,374281,26426,2525,5707683,14532,3947,212620,,,62,2536780,2072610,277820,28259237,267,3066882,302118,1983560,926019,2917188,40844000,28060500,3847200,0.74
2021-06-06,83572,374416,26426,2527,5712753,14525,899,46046,,,52,2536780,2072610,277820,28390559,154,3066882,131322,1983560,926019,2917188,47138930,32025630,4291200,0.71
2021-06-07,83636,374909,26426,2472,5713917,14323,7281,375396,,,97,2536780,2072610,277820,28724803,383,3066882,334244,1820457,1293325,3120671,47138930,32025630,4291200,0.69
2021-06-08,83708,375569,26429,2394,5719935,13984,5022,328056,,,106,2536780,2072610,277820,29114355,405,3066882,389552,1820457,1293325,3120671,47138930,32025630,4291200,0.66
2021-06-09,83773,376342,26429,2326,5725492,13526,4229,280645,,,94,2536780,2072610,277820,29494555,391,3066882,380200,1820457,1293325,3120671,47138930,32025630,4291200,0.64
2021-06-10,83841,376974,26429,2245,5729967,13090,3821,342036,,,74,2536780,2072610,277820,29892553,297,3066882,397998,1820457,1293325,3120671,47138930,32025630,4291200,0.62
2021-06-11,83910,377596,26434,2163,5733838,12712,3964,381777,,,66,2536780,2072610,277820,30276027,313,3066882,383474,1820457,1293325,3120671,47138930,32025630,4291200,0.6
2021-06-12,83944,377961,26434,2110,5737810,12496,2189,198681,,,48,2536780,2072610,277820,30557044,198,3066882,281017,1820457,1293325,3120671,47138930,32025630,4291200,0.58
2021-06-13,83957,378063,26434,2106,5740665,12480,505,46560,,,26,2536780,2072610,277820,30660800,111,3066882,103756,1820457,1293325,3120671,51598630,35547330,4735200,0.56
2021-06-14,84020,378429,26434,2068,5741354,12374,3963,341393,,,71,2536780,2072610,277820,30898646,325,3066882,237846,1407916,1704369,3117610,51598630,35547330,4735200,0.55
2021-06-15,84096,379108,26438,1952,5744589,11895,2849,283856,,,69,2536780,2072610,277820,31203006,300,3066882,304360,1407916,1704369,3117610,51598630,35547330,4735200,0.54
2021-06-16,84140,379635,26438,1873,5747647,11519,2520,250972,,,39,2536780,2072610,277820,31513404,198,3066882,310398,1407916,1704369,3117610,51598630,35547330,4735200,0.54
2021-06-17,84196,380195,26438,1799,5750433,11114,2496,319336,,,46,3325297,2848632,226660,31827650,225,3066882,314246,1407916,1704369,3117610,51598630,35547330,4735200,0.53
2021-06-18,84246,380667,26456,1740,5752872,10738,2596,386969,,,53,3325297,2848632,226660,32146526,171,3066882,318876,1407916,1704369,3117610,51598630,35547330,4735200,0.53
2021-06-19,84268,380930,26456,1703,5755496,10531,1442,204767,,,24,3325297,2848632,226660,32369440,102,3066882,222914,1407916,1704369,3117610,51598630,35547330,4735200,0.53
2021-06-20,84282,380979,26456,1703,5757311,10518,384,49756,,,15,3325297,2848632,226660,32441892,51,3066882,72452,1407916,1704369,3117610,56135530,39069030,5179200,0.53
2021-06-21,84322,381278,26456,1655,5757798,10386,2713,315188,,,48,3325297,2848632,226660,32634954,216,3066882,193062,1038163,2270679,3314219,56135530,39069030,5179200,0.54
2021-06-22,84373,381726,26456,1560,5760002,10046,2079,257638,,,47,3325297,2848632,226660,32855519,181,3066882,220565,1038163,2270679,3314219,56135530,39069030,5179200,0.55
2021-06-23,84406,382124,26456,1509,5762322,9771,1986,233048,,,42,3325297,2848632,226660,33086663,167,3066882,231144,1038163,2270679,3314219,56135530,39069030,5179200,0.57
2021-06-24,84450,382593,26456,1439,5764329,9392,1983,291230,,,27,4027542,3536592,246230,33325880,140,5477160,239217,1038163,2270679,3314219,56135530,39069030,5179200,0.59
2021-06-25,84483,382897,26456,1389,5766315,9190,2139,354728,,,39,4027542,3536592,246230,33550241,148,5477160,224361,1038163,2270679,3314219,56135530,39069030,5179200,0.62
2021-06-26,84495,383122,26456,1349,5768443,9024,1311,208557,,,14,4027542,3536592,246230,33701935,81,5477160,151694,1038163,2270679,3314219,56135530,39069030,5179200,0.65
2021-06-27,84512,383185,26456,1345,5770021,8986,428,52307,,,13,4027542,3536592,246230,33757008,42,5477160,55073,1038163,2270679,3314219,61212430,43479930,5653200,0.69
2021-06-28,84556,383447,26456,1304,5770530,8846,2861,320664,,,41,4027542,3536592,246230,33909622,176,5477160,152614,925161,2427209,3358690,61212430,43479930,5653200,0.75
2021-06-29,84584,383768,26473,1250,5772844,8627,2362,263456,,,29,4027542,3536592,246230,34090294,134,5477160,180672,925161,2427209,3358690,61212430,43479930,5653200,0.8
2021-06-30,84609,384051,26473,1204,5775301,8451,2791,268565,,,31,4027542,3536592,246230,34291822,158,5477160,201528,925161,2427209,3358690,61212430,43479930,5653200,0.87
2021-07-01,84638,384338,26473,1162,5777965,8232,2707,324051,,,30,4778202,4308372,223010,34516663,109,6755886,224841,925161,2427209,3358690,61212430,43479930,5653200,0.94
2021-07-02,84662,384616,26473,1123,5780648,8044,3148,397365,,,17,4778202,4308372,223010,34739764,118,6755886,223101,925161,2427209,3358690,61212430,43479930,5653200,1.01
2021-07-03,84679,384781,26473,1102,5783654,7912,2182,267748,,,17,4778202,4308372,223010,34879863,79,6755886,140099,925161,2427209,3358690,61212430,43479930,5653200,1.08
2021-07-04,84688,384812,26473,1104,5786203,7913,755,67287,,,12,4778202,4308372,223010,34935649,41,6755886,55786,925161,2427209,3358690,67166030,47890830,6156000,1.15
2021-07-05,84724,385013,26473,1077,5786999,7806,4599,374033,,,30,4778202,4308372,223010,35100069,137,6755886,164420,975829,2213028,3195734,67166030,47890830,6156000,1.22
2021-07-06,84758,385289,26473,1032,5790584,7637,3872,294124,,,30,4778202,4308372,223010,35293588,149,6755886,193519,975829,2213028,3195734,67166030,47890830,6156000,1.28
2021-07-07,84786,385490,26473,997,5794665,7539,4528,309521,,,30,4778202,4308372,223010,35502374,140,6755886,208786,975829,2213028,3195734,67166030,47890830,6156000,1.34
2021-07-08,84811,385720,26473,971,5799107,7384,4543,358701,,,26,5380809,4912074,243350,35730748,100,7288902,228374,975829,2213028,3195734,67166030,47890830,6156000,1.39
2021-07-09,84829,385950,26473,953,5803687,7275,5055,464879,,,30,5380809,4912074,243350,35956743,147,7288902,225995,975829,2213028,3195734,67166030,47890830,6156000,1.44
2021-07-10,84848,386122,26473,947,5808383,7183,3514,343620,,,9,5380809,4912074,243350,36103473,101,7288902,146730,975829,2213028,3195734,67166030,47890830,6156000,1.49
2021-07-11,84852,386141,26473,947,5812639,7183,1244,90288,,,4,5380809,4912074,243350,36162731,23,7288902,59258,975829,2213028,3195734,70198220,50332620,6746400,1.54
2021-07-12,84880,386424,26473,957,5813899,7137,8534,392881,,,55,5380809,4912074,243350,36329191,267,7288902,166460,1218538,2207466,3432446,70198220,50332620,6746400,1.6
2021-07-13,84902,386704,26505,933,5820849,7076,8777,405761,,,37,5380809,4912074,243350,36613871,246,7288902,284680,1218538,2207466,3432446,70198220,50332620,6746400,1.68
2021-07-14,84908,386839,26505,931,5829724,7047,2592,112680,,,19,5380809,4912074,243350,36792686,115,7288902,178815,1218538,2207466,3432446,70198220,50332620,6746400,1.76
2021-07-15,84924,387017,26505,914,5833341,7054,13398,444225,,,36,5380809,4912074,243350,37136588,213,7038426,343902,1218538,2207466,3432446,70198220,50332620,6746400,1.85
2021-07-16,84946,387297,26505,899,5844249,6971,12674,492118,,,33,4877308,4413018,247800,37514030,220,7038426,377442,1218538,2207466,3432446,70198220,50332620,6746400,1.94
2021-07-17,84962,387439,26505,890,5855198,6922,9824,367824,,,21,4877308,4413018,247800,37772170,114,7038426,258140,1218538,2207466,3432446,70198220,50332620,6746400,2.03
2021-07-18,84967,387469,26505,891,5867730,6936,3278,100378,,,9,4877308,4413018,247800,37881032,54,7038426,108862,1218538,2207466,3432446,73310810,52774410,7417200,2.09
2021-07-19,84987,387703,26505,902,5871881,7041,22822,442928,,,76,4877308,4413018,247800,38164294,360,7038426,283262,1683657,2046801,3736772,73310810,52774410,7417200,2.12
2021-07-20,85020,388118,26505,876,5890062,6912,20724,418068,,,61,4877308,4413018,247800,38538622,327,7038426,374328,1683657,2046801,3736772,73310810,52774410,7417200,2.11
2021-07-21,85042,388402,26505,859,5911601,6869,22455,514814,,,64,4877308,4413018,247800,38931842,281,7038426,393220,1683657,2046801,3736772,73310810,52774410,7417200,2.07
2021-07-22,85053,388707,26505,868,5933510,6832,20670,497488,,,59,4877308,4413018,247800,39370048,292,6179340,438206,1683657,2046801,3736772,73310810,52774410,7417200,2.01
2021-07-23,85082,389021,26513,872,5953071,6802,22518,725339,,,69,4877308,4413018,247800,39806397,330,6179340,436349,1683657,2046801,3736772,73310810,52774410,7417200,1.92
2021-07-24,85104,389197,26513,878,5978695,6787,15922,566350,,,35,4877308,4413018,247800,40090566,182,6179340,284169,1683657,2046801,3736772,73310810,52774410,7417200,1.82
2021-07-25,85110,389226,26513,886,5993937,6843,4659,142968,,,16,4877308,4413018,247800,40210786,92,6179340,120220,1683657,2046801,3736772,76422230,55215030,8088000,1.72
2021-07-26,85154,389531,26514,952,5999244,7079,33172,631094,,,135,4877308,4413018,247800,40556303,607,6179340,345517,1973948,1456018,3436869,76422230,55215030,8088000,1.63
2021-07-27,85182,389996,26514,978,6026115,7137,25629,531515,,,121,4877308,4413018,247800,41017538,557,6179340,461235,1973948,1456018,3436869,76422230,55215030,8088000,1.54
2021-07-28,85225,390367,26515,992,6054049,7208,24980,537413,,,91,4877308,4413018,247800,41474141,490,6179340,456603,1973948,1456018,3436869,76422230,55215030,8088000,1.46
2021-07-29,85252,390784,26516,1015,6079239,7236,24092,605074,,,91,3243904,2836194,207380,41961067,501,4865778,486926,1973948,1456018,3436869,76422230,55215030,8088000,1.39
2021-07-30,85312,391216,26519,1072,6103548,7363,24174,842440,,,165,3243904,2836194,207380,42420034,640,4865778,458967,1973948,1456018,3436869,76422230,55215030,8088000,1.33
2021-07-31,85355,391581,26519,1099,6127019,7409,15973,622393,,,91,3243904,2836194,207380,42704286,467,4865778,284252,1973948,1456018,3436869,76422230,55215030,8088000,1.28
2021-08-01,85373,391689,26519,1137,6146619,7581,4678,158731,,,69,3243904,2836194,207380,42813745,312,4865778,109459,1973948,1456018,3436869,79772390,57657990,8995200,1.23
2021-08-02,85424,392055,26521,1232,6151803,7840,34228,670190,,,170,3243904,2836194,207380,43148034,688,4865778,334289,1621218,1183651,2811647,79772390,57657990,8995200,1.19
2021-08-03,85480,392634,26524,1331,6178632,7974,26621,550943,,,218,3243904,2836194,207380,43541360,818,4865778,393326,1621218,1183651,2811647,79772390,57657990,8995200,1.15
2021-08-04,85528,393129,26525,1371,6207416,8134,25740,550320,,,157,3243904,2836194,207380,43922726,772,4865778,381366,1621218,1183651,2811647,79772390,57657990,8995200,1.12
2021-08-05,85577,393723,26528,1420,6233876,8210,25111,599912,,,150,3243904,2836194,207380,44285468,712,4865778,362742,1621218,1183651,2811647,79772390,57657990,8995200,1.1
2021-08-06,85637,394324,26532,1458,6258953,8368,25778,812196,,,165,3232932,2926872,191630,44642072,862,4865778,356604,1621218,1183651,2811647,79772390,57657990,8995200,1.08
2021-08-07,85669,394709,26532,1510,6284708,8425,17218,623575,,,136,3232932,2926872,191630,44853266,482,4865778,211194,1621218,1183651,2811647,79772390,57657990,8995200,1.07
2021-08-08,85697,394910,26532,1556,6305158,8685,5368,181295,,,117,3232932,2926872,191630,44925786,498,4865778,72520,1621218,1183651,2811647,83446670,60236670,10090800,1.06
2021-08-09,85765,395310,26539,1667,6310933,9022,36086,945128,,,230,3232932,2926872,191630,45181864,833,4865778,256078,1165727,1323526,2495274,83446670,60236670,10090800,1.06
2021-08-10,85833,396002,26541,1712,6339509,9153,28609,823111,,,211,3232932,2926872,191630,45484757,944,4865778,302893,1165727,1323526,2495274,83446670,60236670,10090800,1.06
2021-08-11,85886,396616,26546,1745,6370429,9233,26981,774216,,,158,3232932,2926872,191630,45761267,773,4865778,276510,1165727,1323526,2495274,83446670,60236670,10090800,1.05
2021-08-12,85963,397162,26546,1807,6398983,9465,26478,863336,,,191,3232932,2926872,191630,46029979,894,5191554,268712,1165727,1323526,2495274,83446670,60236670,10090800,1.05
2021-08-13,86037,397828,26562,1831,6425436,9546,25229,1002999,,,188,3341728,2823468,417890,46279748,836,5191554,249769,1165727,1323526,2495274,83446670,60236670,10090800,1.04
2021-08-14,86088,398257,26564,1837,6449863,9648,17614,840311,,,118,3341728,2823468,417890,46423555,606,5191554,143807,1165727,1323526,2495274,83446670,60236670,10090800,1.03
2021-08-15,86132,398445,26564,1852,6471035,9798,5169,197636,,,73,3341728,2823468,417890,46461169,399,5191554,37614,1165727,1323526,2495274,87731720,62816520,11796000,1.02
2021-08-16,86228,398924,26575,1908,6476864,10151,34204,975439,,,178,3341728,2823468,417890,46645256,950,5191554,184087,802150,1641290,2449538,87731720,62816520,11796000,1
2021-08-17,86339,399763,26575,1953,6504978,10219,25271,821041,,,245,3341728,2823468,417890,46858328,1075,5191554,213072,802150,1641290,2449538,87731720,62816520,11796000,0.99
2021-08-18,86451,400539,26585,2054,6533383,10336,22985,753852,,,299,3341728,2823468,417890,47054950,1036,5191554,196622,802150,1641290,2449538,87731720,62816520,11796000,0.97
2021-08-19,86578,401284,26587,2049,6557356,10392,21857,856307,,,186,3341728,2823468,417890,47244917,976,5965476,189967,802150,1641290,2449538,87731720,62816520,11796000,0.96
2021-08-20,86660,401946,26590,2091,6579675,10515,22396,1064704,,,214,3743816,3230406,414850,47428514,887,5965476,183597,802150,1641290,2449538,87731720,62816520,11796000,0.94
2021-08-21,86789,402615,26590,2106,6602311,10463,14900,769513,,,165,3743816,3230406,414850,47532272,805,5965476,103758,802150,1641290,2449538,87731720,62816520,11796000,0.93
2021-08-22,86883,402848,26611,2128,6619611,10651,4562,182326,,,103,3743816,3230406,414850,47563715,542,5965476,31443,802150,1641290,2449538,93137030,66353430,13664400,0.92
2021-08-23,86991,403285,26612,2215,6624777,11007,29681,896800,,,235,3743816,3230406,414850,47703076,943,5965476,139361,600011,1756700,2365527,93137030,66353430,13664400,0.91
2021-08-24,87143,404141,26616,2221,6649630,11066,21356,737987,,,214,3743816,3230406,414850,47863795,1145,5965476,160719,600011,1756700,2365527,93137030,66353430,13664400,0.9
2021-08-25,87236,404823,26626,2239,6673336,11171,18948,673609,,,182,3743816,3230406,414850,48012825,883,5965476,149030,600011,1756700,2365527,93137030,66353430,13664400,0.89
2021-08-26,87343,405490,26641,2261,6693019,11104,17762,755513,,,191,3743816,3230406,414850,48153878,741,7113828,141053,600011,1756700,2365527,93137030,66353430,13664400,0.87
2021-08-27,87438,406229,26652,2270,6711268,11162,17766,978790,,,194,4627893,4142688,387800,48300321,908,7113828,146443,600011,1756700,2365527,93137030,66353430,13664400,0.86
2021-08-28,87512,406709,26652,2259,6728858,11052,11529,723868,,,119,4627893,4142688,387800,48390002,465,7113828,89681,600011,1756700,2365527,93137030,66353430,13664400,0.85
2021-08-29,87565,406911,26652,2276,6742488,11092,3546,168926,,,71,4627893,4142688,387800,48416836,311,7113828,26834,600011,1756700,2365527,97348850,70104450,14125200,0.84
2021-08-30,87663,407355,26667,2290,6746283,11245,22431,823050,,,159,4627893,4142688,387800,48532316,725,7113828,115480,467137,1372621,1929107,97348850,70104450,14125200,0.83
2021-08-31,87797,408275,26668,2292,6765708,11120,16345,643381,,,218,4627893,4142688,387800,48659669,941,7113828,127353,467137,1372621,1929107,97348850,70104450,14125200,0.82
2021-09-01,87880,408908,26680,2294,6783329,11119,15258,572051,,,187,4627893,4142688,387800,48778914,742,7113828,119245,467137,1372621,1929107,97348850,70104450,14125200,0.81
2021-09-02,87983,409615,26686,2275,6799240,10934,13142,618483,,,143,4627893,4142688,387800,48881446,648,7113828,102532,467137,1372621,1929107,97348850,70104450,14125200,0.8
2021-09-03,88076,410229,26688,2259,6812706,10816,13079,845584,,,159,5318224,4862364,377750,48994195,624,8457324,112749,467137,1372621,1929107,97348850,70104450,14125200,0.8
2021-09-04,88159,410710,26688,2223,6826042,10654,9253,658034,,,124,5318224,4862364,377750,49081378,424,8457324,87183,467137,1372621,1929107,97348850,70104450,14125200,0.79
2021-09-05,88208,410888,26688,2217,6836452,10644,2774,140194,,,60,5318224,4862364,377750,49102092,227,8457324,20714,467137,1372621,1929107,101027540,72698340,15210000,0.78
2021-09-06,88310,411314,26712,2249,6839494,10757,16611,688945,,,187,5318224,4862364,377750,49170927,661,8457324,68835,290361,855817,1278756,101027540,72698340,15210000,0.77
2021-09-07,88418,412039,26712,2259,6854028,10646,11686,550374,,,200,5318224,4862364,377750,49244235,761,8457324,73308,290361,855817,1278756,101027540,72698340,15210000,0.76
2021-09-08,88518,412721,26731,2224,6866856,10438,10509,518149,,,174,5318224,4862364,377750,49328000,595,8457324,83765,290361,855817,1278756,101027540,72698340,15210000,0.75
2021-09-09,88621,413273,26742,2195,6877825,10323,9923,613489,,,139,5318224,4862364,377750,49398822,554,8457324,70822,290361,855817,1278756,101027540,72698340,15210000,0.74
2021-09-10,88701,413880,26756,2151,6887791,10115,9784,836647,,,135,6015974,5545944,402340,49487911,505,8457324,89089,290361,855817,1278756,101027540,72698340,15210000,0.74
2021-09-11,88747,414243,26756,2131,6897392,10018,6530,637244,,,91,6015974,5545944,402340,49551871,322,8457324,63960,290361,855817,1278756,101027540,72698340,15210000,0.73
2021-09-12,88776,414405,26756,2129,6905071,10012,1879,137467,,,34,6015974,5545944,402340,49564029,187,8457324,12158,290361,855817,1278756,104130530,75233730,15777600,0.73
2021-09-13,88862,414778,26767,2103,6907133,9986,11763,665550,,,116,6015974,5545944,402340,49621408,446,8457324,57379,225367,615464,987027,104130530,75233730,15777600,0.72
2021-09-14,88956,415490,26767,2000,6917460,9739,8381,549660,,,137,6015974,5545944,402340,49690336,577,10072710,68928,225367,615464,987027,104130530,75233730,15777600,0.72
2021-09-15,89033,416030,26770,1959,6926604,9555,7868,497350,,,119,6015974,5545944,402340,49761037,452,10072710,70701,225367,615464,987027,104130530,75233730,15777600,0.72
2021-09-16,89098,416554,26779,1952,6934732,9297,7207,564245,,,103,6210792,5776242,377670,49820612,382,9257838,59575,225367,615464,987027,104130530,75233730,15777600,0.72
2021-09-17,89164,417059,26805,1891,6942105,9070,7401,792075,,,81,6210792,5776242,377670,49891371,371,9257838,70759,225367,615464,987027,104130530,75233730,15777600,0.71
2021-09-18,89206,417399,26805,1837,6949519,8912,5008,578089,,,68,6210792,5776242,377670,49937150,243,9257838,45779,225367,615464,987027,104130530,75233730,15777600,0.71
2021-09-19,89234,417505,26805,1832,6955333,8887,1397,120032,,,33,6210792,5776242,377670,49944468,113,9257838,7318,225367,615464,987027,107783430,76871730,17434900,0.71
2021-09-20,89255,417826,26814,1805,6956848,8845,8891,613803,,,114,6210792,5776242,377670,49984030,373,9257838,39562,147381,470325,758201,107783430,76871730,17434900,0.71
2021-09-21,89407,418397,26815,1744,6964699,8594,6370,508537,,,136,6210792,5776242,377670,50027333,503,9257838,43303,147381,470325,758201,107783430,76871730,17434900,0.72
2021-09-22,89465,418859,26817,1656,6971493,8414,5957,454362,,,68,6210792,5776242,377670,50072918,361,9257838,45585,147381,470325,758201,107783430,76871730,17434900,0.72
2021-09-23,89527,419256,26821,1609,6977722,8237,5898,531860,,,71,6210792,5776242,377670,50113640,301,9257838,40722,147381,470325,758201,107783430,76871730,17434900,0.73
2021-09-24,89576,419628,26825,1586,6983601,8107,6074,733891,,,72,8353923,7935288,366500,50163243,296,11518746,49603,147381,470325,758201,107783430,76871730,17434900,0.74
2021-09-25,89605,419912,26825,1571,6989613,7980,4164,532122,,,54,8353923,7935288,366500,50195813,196,11518746,32570,147381,470325,758201,107783430,76871730,17434900,0.75
2021-09-26,89619,419971,26825,1577,6994319,7994,1142,106424,,,35,8353923,7935288,366500,50200862,89,11518746,5049,147381,470325,758201,110421420,78529620,17736100,0.76
2021-09-27,89693,420247,26835,1571,6995628,7980,7599,573115,,,94,8353923,7935288,366500,50232682,343,11518746,31820,84244,318592,522992,110421420,78529620,17736100,0.77
2021-09-28,89751,420645,26835,1524,7002393,7801,5526,485998,,,79,8353923,7935288,366500,50267096,304,11518746,34414,84244,318592,522992,110421420,78529620,17736100,0.78
2021-09-29,89793,420934,26836,1466,7008228,7726,5050,435768,,,52,8353923,7935288,366500,50309159,254,11518746,42063,84244,318592,522992,110421420,78529620,17736100,0.79
2021-09-30,89849,421264,26841,1414,7013432,7565,4911,528228,,,58,8353923,7935288,366500,50342897,238,11518746,33738,84244,318592,522992,110421420,78529620,17736100,0.8
2021-10-01,89895,421579,26844,1355,7018367,7410,4873,706953,,,48,8983702,8579472,355860,50387672,214,11894286,44775,84244,318592,522992,110421420,78529620,17736100,0.8
2021-10-02,89925,421787,26844,1325,7023315,7294,3274,527306,,,33,8983702,8579472,355860,50422607,141,11894286,34935,84244,318592,522992,110421420,78529620,17736100,0.8
2021-10-03,89934,421839,26844,1326,7027059,7308,1028,99143,,,19,8983702,8579472,355860,50427305,76,11894286,4698,84244,318592,522992,115630280,82645680,18828900,
2021-10-04,89984,422072,26849,1328,7028197,7299,,,,,71,8983702,8579472,355860,50454494,283,11894286,27189,21496,210252,325520,115630280,82645680,18828900,
2021-10-05,90045,422510,26849,1279,7033755,7096,,,,,75,8983702,8579472,355860,50482515,290,11894286,28021,21496,210252,325520,115630280,82645680,18828900,
2021-10-06,90079,422728,26854,1242,7038701,7038,,,,,40,8983702,8579472,355860,50482515,202,11894286,28021,21496,210252,325520,115630280,82645680,18828900,
