date,deces,gueris,decesEhpad,reanimation,casConfirmes,hospitalises,testsRealises,testsPositifs,casConfirmesEhpad,casPossiblesEhpad,nouvellesReanimations,stockNombreTotalDoses,stockNombreDosesPfizer,stockNombreDosesModerna,cumulPremieresInjections,nouvellesHospitalisations,stockEhpadNombreDosesPfizer,nouvellesPremieresInjections,totalPrisesRendezVousSemaine,prisesRendezVousSemaineRang1,prisesRendezVousSemaineRang2,livraisonsCumulNombreTotalDoses,livraisonsCumulNombreDosesPfizer,livraisonsCumulNombreDosesModerna,r0
2020-03-02,3,,,,191,,,,,,,,,,,,,,,,,,,,
2020-03-03,4,12,,,212,,,,,,,,,,,,,,,,,,,,
2020-03-04,4,,,15,285,,,,,,,,,,,,,,,,,,,,
2020-03-05,7,,,23,423,,,,,,,,,,,,,,,,,,,,
2020-03-06,9,,,39,613,,,,,,,,,,,,,,,,,,,,
2020-03-07,16,,,45,949,,,,,,,,,,,,,,,,,,,,
2020-03-08,19,,,,1126,,,,,,,,,,,,,,,,,,,,
2020-03-09,25,,,66,1412,,,,,,,,,,,,,,,,,,,,
2020-03-10,33,,,86,1784,,79,8,,,,,,,,,,,,,,,,,
2020-03-11,48,,,105,2281,,108,16,,,,,,,,,,,,,,,,,
2020-03-12,61,,,129,2876,,157,33,,,,,,,,,,,,,,,,,
2020-03-13,79,,,,3661,,350,61,,,,,,,,,,,,,,,,,
2020-03-14,91,,,300,4500,,167,54,,,,,,,,,,,,,,,,,
2020-03-15,127,,,,5423,400,174,49,,,,,,,,,,,,,,,,,
2020-03-16,148,,,,6633,,819,198,,,,,,,,,,,,,,,,,
2020-03-17,175,602,,699,7730,2579,1011,223,,,,,,,,,,,,,,,,,
2020-03-18,264,1000,,931,9134,3626,1571,394,,,,,,,,,,,,,,,,,
2020-03-19,372,1300,,1122,10995,4461,2098,528,,,438,,,,,2229,,,,,,,,,
2020-03-20,450,1587,,1297,12612,5226,2454,705,,,242,,,,,1256,,,,,,,,,
2020-03-21,562,1811,,1525,14459,6172,783,264,,,298,,,,,1540,,,,,,,,,
2020-03-22,674,2200,,1746,16689,7240,555,250,,,309,,,,,1534,,,,,,,,,
2020-03-23,860,2567,,2082,19856,8675,4369,1285,,,448,,,,,2053,,,,,,,,,
2020-03-24,1100,3281,,2516,22302,10176,4960,1385,,,571,,,,,2618,,,,,,,,,
2020-03-25,1331,3900,,2827,25233,11539,5161,1363,,,607,,,,,3166,,,,,,,,,
2020-03-26,1696,4948,,3375,29155,13904,5716,1573,,,612,,,,,3097,,,,,,,,,
2020-03-27,1995,5698,,3787,32964,15732,6533,1588,,,608,,,,,3059,,,,,,,,,
2020-03-28,2314,6624,,4273,37575,17620,1894,523,,,695,,,,,3353,,,,,,,,,
2020-03-29,2606,7131,,4632,40174,19354,604,228,,,543,,,,,2685,,,,,,,,,
2020-03-30,3024,7924,,5107,44550,21008,8169,1918,,,694,,,,,3108,,,,,,,,,
2020-03-31,3523,9444,,5565,52128,22757,8051,1792,,,767,,,,,4146,,,,,,,,,
2020-04-01,4032,10935,371,6017,56989,24639,7319,1467,,,771,,,,,4281,,,,,,,,,
2020-04-02,4503,12428,884,6399,59105,26246,7375,1579,,,728,,,,,3845,,,,,,,,,
2020-04-03,5091,14008,1416,6662,64338,27432,8237,1668,,,640,,,,,3627,,,,,,,,,
2020-04-04,5532,15438,2028,6838,68605,28143,1675,345,,,502,,,,,2822,,,,,,,,,
2020-04-05,5889,16183,2189,6978,70478,28891,377,120,,,390,,,,,1931,,,,,,,,,
2020-04-06,6494,17250,2417,7072,74390,29722,7611,1502,,,478,,,,,2754,,,,,,,,,
2020-04-07,7091,19337,3237,7131,78167,30027,7790,1429,,,518,,,,,3277,,,,,,,,,
2020-04-08,7632,21254,3237,7148,82048,30375,10059,1691,,,482,,,,,3139,,,,,,,,,
2020-04-09,8044,23206,4166,7066,86334,30767,10603,1589,,,369,,,,,2990,,,,,,,,,
2020-04-10,8598,24932,4599,7004,90676,31267,11527,1932,,,431,,,,,3161,,,,,,,,,
2020-04-11,8943,26391,4889,6883,93790,31320,1636,242,,,255,,,,,2044,,,,,,,,,
2020-04-12,9253,27186,5140,6845,95403,31826,389,71,11958,25230,220,,,,,1688,,,,,,,,,
2020-04-13,9588,27718,5379,6821,98076,32113,1156,206,12481,26222,227,,,,,1257,,,,,,,,,
2020-04-14,10129,28805,5600,6730,103573,32292,11890,1423,13050,26680,275,,,,,1965,,,,,,,,,
2020-04-15,10643,30995,6524,6457,106206,31779,12608,1211,14393,27264,284,,,,,2415,,,,,,,,,
2020-04-16,11060,32812,6860,6248,108847,31305,11959,1082,18967,37213,270,,,,,2084,,,,,,,,,
2020-04-17,11478,34420,7203,6027,109252,31190,11470,959,20272,38717,242,,,,,2166,,,,,,,,,
2020-04-18,11842,35983,7481,5833,111821,30639,2361,186,22163,39972,206,,,,,1565,,,,,,,,,
2020-04-19,12069,36578,7649,5744,112606,30610,502,32,23048,40288,137,,,,,890,,,,,,,,,
2020-04-20,12513,37409,7752,5683,114657,30584,9224,660,23668,40726,208,,,,,1464,,,,,,,,,
2020-04-21,12900,39181,7896,5433,117324,30106,11557,697,,,190,,,,,1885,,,,,,,,,
2020-04-22,13236,40657,8104,5218,119151,29741,11047,602,25513,,183,,,,,1619,,,,,,,,,
2020-04-23,13547,42088,8309,5053,120804,29219,9872,585,26840,37379,178,,,,,1410,,,,,,,,,
2020-04-24,13852,43493,8393,4870,122577,28658,9077,471,27880,37251,155,,,,,1346,,,,,,,,,
2020-04-25,14050,44594,8564,4725,124114,28222,1397,66,29126,37374,124,,,,,999,,,,,,,,,
2020-04-26,14202,44903,8654,4682,124575,28217,306,13,29643,37525,79,,,,,481,,,,,,,,,
2020-04-27,14497,45513,8796,4608,128339,28055,7431,291,30227,37503,125,,,,,964,,,,,,,,,
2020-04-28,14810,46886,8850,4387,129859,27484,8104,336,30817,39076,153,,,,,1321,,,,,,,,,
2020-04-29,15053,48228,9034,4207,128442,26834,9850,363,31795,,110,,,,,1070,,,,,,,,,
2020-04-30,15244,49476,9132,4019,129581,26283,8793,265,32355,,121,,,,,1048,,,,,,,,,
2020-05-01,15369,50212,9225,3878,130185,25887,232,4,32791,,73,,,,,668,,,,,,,,,
2020-05-02,15487,50562,9273,3827,130979,25827,1369,49,33271,,64,,,,,453,,,,,,,,,
2020-05-03,15583,50784,9312,3819,131287,25815,197,11,33361,,80,,,,,345,,,,,,,,,
2020-05-04,15826,51371,9375,3696,131863,25548,10093,302,33791,,84,,,,,689,,,,,,,,,
2020-05-05,16060,52736,9471,3430,132967,24775,10772,278,34108,,111,,,,,987,,,,,,,,,
2020-05-06,16237,53972,9572,3147,137150,23983,9391,206,34507,,69,,,,,833,,,,,,,,,
2020-05-07,16386,55027,9601,2961,137779,23208,8596,166,34653,,99,,,,,728,,,,,,,,,
2020-05-08,16497,55782,9733,2868,138421,22724,448,15,34890,,89,,,,,510,,,,,,,,,
2020-05-09,16573,56038,9737,2812,138854,22614,1529,33,35046,,38,,,,,265,,,,,,,,,
2020-05-10,16642,56217,9738,2776,139063,22569,293,17,35236,,38,,,,,253,,,,,,,,,
2020-05-11,16820,56724,9823,2712,139519,22284,10365,210,35195,,82,,,,,523,,,,,,,,,
2020-05-12,17003,57785,9988,2542,140227,21595,10608,177,35437,,92,,,,,670,,,,,,,,,
2020-05-13,17101,58673,9973,2428,140734,21071,39872,901,35604,,69,,,,,543,,,,,,,,,
2020-05-14,17224,59605,10201,2299,141356,20463,43188,1013,35820,,52,,,,,542,,,,,,,,,
2020-05-15,17342,60448,10187,2203,141919,19861,48470,1046,36126,,64,,,,,438,,,,,,,,,
2020-05-16,17412,61066,10213,2132,142291,19432,16674,292,36175,,46,,,,,350,,,,,,,,,
2020-05-17,17466,61213,10642,2087,142411,19361,6642,140,36461,,24,,,,,152,,,,,,,,,
2020-05-18,17589,61728,10650,1998,142903,19015,51929,1124,36599,,38,,,,,375,,,,,,,,,
2020-05-19,17714,62563,10308,1894,143427,18468,53467,1056,36530,,69,,,,,506,,,,,,,,,
2020-05-20,17812,63354,10320,1794,143845,17941,53760,1060,36751,,43,,,,,432,,,,,,,,,
2020-05-21,17870,63858,10345,1745,144163,17583,9778,197,36853,,28,,,,,271,,,,,,,,,
2020-05-22,17944,64209,10345,1701,144556,17383,51006,827,36853,,36,,,,,263,,,,,,,,,
2020-05-23,17987,64547,10345,1665,144806,17178,19095,267,36853,,30,,,,,233,,,,,,,,,
2020-05-24,18022,64617,10345,1655,144921,17185,7153,140,36853,,24,,,,,121,,,,,,,,,
2020-05-25,18112,65199,10345,1609,145279,16798,52079,717,36853,,45,,,,,342,,,,,,,,,
2020-05-26,18260,65879,10335,1555,145555,16264,54254,778,37235,,37,,,,,318,,,,,,,,,
2020-05-27,18260,66584,10336,1501,145746,15680,46835,732,37235,,32,,,,,271,,,,,,,,,
2020-05-28,18326,67191,10336,1429,149071,15208,44762,644,37235,,36,,,,,253,,,,,,,,,
2020-05-29,18387,67803,10327,1361,149668,14695,49682,597,37273,,29,,,,,255,,,,,,,,,
2020-05-30,18444,68268,10327,1325,151496,14380,20347,372,37273,,29,,,,,227,,,,,,,,,
2020-05-31,18475,68355,10327,1319,151753,14322,8566,188,37273,,18,,,,,72,,,,,,,,,
2020-06-01,18506,68440,10327,1302,152091,14288,10059,176,37273,,9,,,,,89,,,,,,,,,0.84
2020-06-02,18590,68812,10350,1253,151325,14028,49213,745,37405,,33,,,,,229,,,,,,,,,0.83
2020-06-03,18671,69455,10350,1210,151677,13514,45122,679,37405,,26,,,,,250,,,,,,,,,0.83
2020-06-04,18715,69976,10350,1163,152444,13101,41692,631,37405,,23,,,,,195,,,,,,,,,0.84
2020-06-05,18761,70504,10350,1094,153055,12696,46834,565,37405,,19,,,,,213,,,,,,,,,0.85
2020-06-06,18792,70806,10350,1059,153634,12479,19752,297,37405,,15,,,,,143,,,,,,,,,0.86
2020-06-07,18805,70842,10350,1053,153977,12461,7598,138,37405,,4,,,,,37,,,,,,,,,0.87
2020-06-08,18859,71062,10350,1024,154188,12315,45418,564,37405,,23,,,,,145,,,,,,,,,0.89
2020-06-09,18912,71506,10384,955,154591,11961,44007,577,37599,,15,,,,,169,,,,,,,,,0.9
2020-06-10,18935,71832,10384,933,155136,11678,40753,566,37599,,23,,,,,130,,,,,,,,,0.9
2020-06-11,18962,72149,10384,903,155561,11465,38892,626,37599,,26,,,,,143,,,,,,,,,0.9
2020-06-12,18990,72572,10384,879,156287,11124,44640,615,37599,,18,,,,,136,,,,,,,,,0.89
2020-06-13,19014,72808,10384,871,156813,10909,19243,217,37599,,14,,,,,68,,,,,,,,,0.89
2020-06-14,19023,72859,10384,869,157220,10881,6665,134,37599,,6,,,,,33,,,,,,,,,0.88
2020-06-15,19052,73044,10384,846,157372,10752,43906,501,37599,,12,,,,,114,,,,,,,,,0.87
2020-06-16,19090,73335,10457,820,157716,10535,43138,573,37901,,14,,,,,143,,,,,,,,,0.86
2020-06-17,19118,73667,10457,772,158174,10267,40195,747,37901,,14,,,,,116,,,,,,,,,0.86
2020-06-18,19146,73887,10457,752,158641,10125,37988,580,37901,,15,,,,,136,,,,,,,,,0.86
2020-06-19,19160,74117,10457,727,159452,9970,46068,700,37901,,10,,,,,116,,,,,,,,,0.86
2020-06-20,19176,74312,10457,715,160093,9837,21754,351,37901,,7,,,,,90,,,,,,,,,0.87
2020-06-21,19183,74372,10457,715,160377,9823,6512,113,37901,,5,,,,,48,,,,,,,,,0.88
2020-06-22,19206,74612,10457,701,160750,9693,48518,602,37901,,16,,,,,142,,,,,,,,,0.88
2020-06-23,19232,74871,10488,682,161267,9491,48497,661,37995,,15,,,,,117,,,,,,,,,0.89
2020-06-24,19243,75127,10488,658,161348,9299,45664,672,37995,,8,,,,,97,,,,,,,,,0.9
2020-06-25,19264,75351,10488,651,161348,9141,39974,512,37995,,15,,,,,124,,,,,,,,,0.91
2020-06-26,19290,75649,10488,634,162936,8886,51339,579,37995,,15,,,,,87,,,,,,,,,0.92
2020-06-27,19290,75649,10488,634,163454,8886,24647,339,37995,,9,,,,,55,,,,,,,,,0.94
2020-06-28,19290,75649,10488,634,163980,8886,8242,214,37995,,4,,,,,44,,,,,,,,,0.95
2020-06-29,19325,75999,10488,619,164260,8688,61826,676,37995,,15,,,,,102,,,,,,,,,0.97
2020-06-30,19346,76274,10497,602,164801,8536,59774,728,38107,,8,,,,,152,,,,,,,,,0.99
2020-07-01,19364,76549,10497,582,165719,8336,57332,634,38107,,17,,,,,106,,,,,,,,,1.01
2020-07-02,19378,76802,10497,573,166378,8148,55001,593,38107,,12,,,,,93,,,,,,,,,1.03
2020-07-03,19396,77060,10497,560,166960,7990,64392,749,38107,,12,,,,,125,,,,,,,,,1.04
2020-07-04,19388,77160,10497,517,167711,7863,29100,353,38107,,4,,,,,47,,,,,,,,,1.06
2020-07-05,19390,77179,10497,521,168159,7863,8546,103,38107,,5,,,,,21,,,,,,,,,1.07
2020-07-06,19423,77319,10497,548,168335,7850,67150,681,38107,,10,,,,,98,,,,,,,,,1.08
2020-07-07,19457,77655,10476,538,168810,7594,66328,572,39256,,21,,,,,127,,,,,,,,,1.09
2020-07-08,19489,77996,10476,529,169473,7297,65190,704,39256,,18,,,,,83,,,,,,,,,1.1
2020-07-09,19503,78170,10476,512,170094,7177,68826,708,39256,,8,,,,,79,,,,,,,,,1.12
2020-07-10,19528,78388,10476,496,170752,7062,77239,856,39256,,9,,,,,136,,,,,,,,,1.13
2020-07-11,19514,78454,10476,470,171504,6995,32662,353,39256,,7,,,,,57,,,,,,,,,1.15
2020-07-12,19515,78486,10476,473,172089,6991,8530,117,39256,,5,,,,,26,,,,,,,,,1.16
2020-07-13,19553,78597,10476,492,172377,6983,80818,880,39256,,10,,,,,68,,,,,,,,,1.17
2020-07-14,19539,78670,10476,465,172888,6907,12397,183,39256,,7,,,,,61,,,,,,,,,1.19
2020-07-15,19579,78820,10541,482,173304,6915,80349,858,39464,,16,,,,,133,,,,,,,,,1.21
2020-07-16,19597,79036,10541,481,173838,6796,84541,978,39464,,23,,,,,119,,,,,,,,,1.24
2020-07-17,19611,79244,10541,477,174674,6688,94262,963,39464,,17,,,,,119,,,,,,,,,1.26
2020-07-18,19599,79322,10541,450,175639,6614,40736,446,39464,,6,,,,,68,,,,,,,,,1.3
2020-07-19,19600,79384,10541,448,176404,6583,12299,192,39464,,4,,,,,36,,,,,,,,,1.33
2020-07-20,19636,79541,10541,467,176754,6589,93120,1037,39464,,18,,,,,137,,,,,,,,,1.36
2020-07-21,19649,79734,10516,455,177338,6482,89313,1100,39554,,12,,,,,109,,,,,,,,,1.39
2020-07-22,19656,79957,10516,445,178336,6366,89285,1174,39554,,17,,,,,132,,,,,,,,,1.41
2020-07-23,19666,80472,10516,436,179398,5957,88377,1153,39554,,13,,,,,123,,,,,,,,,1.42
2020-07-24,19676,80815,10516,410,180528,5720,96173,1277,39554,,16,,,,,126,,,,,,,,,1.42
2020-07-25,19664,80915,10516,368,181636,5634,43419,628,39554,,8,,,,,86,,,,,,,,,1.42
2020-07-26,19665,80947,10516,367,182565,5640,14991,264,39554,,1,,,,,36,,,,,,,,,1.41
2020-07-27,19693,81082,10516,398,183079,5655,103290,1433,39554,,25,,,,,118,,,,,,,,,1.4
2020-07-28,19708,81311,10515,385,183804,5551,104072,1370,39638,,22,,,,,172,,,,,,,,,1.39
2020-07-29,19723,81500,10515,380,185196,5450,108121,1477,39638,,14,,,,,118,,,,,,,,,1.38
2020-07-30,19739,81667,10515,381,186573,5375,105745,1552,39638,,14,,,,,116,,,,,,,,,1.37
2020-07-31,19750,81881,10515,371,187919,5298,110252,1638,39638,,16,,,,,152,,,,,,,,,1.37
2020-08-01,19736,82016,10515,344,189547,5177,47680,794,39638,,11,,,,,77,,,,,,,,,1.36
2020-08-02,19737,82029,10515,345,190739,5188,16522,250,39638,,3,,,,,25,,,,,,,,,1.36
2020-08-03,19779,82166,10515,384,191295,5198,113470,2023,39638,,29,,,,,142,,,,,,,,,1.36
2020-08-04,19790,82318,10506,388,192334,5162,106756,2014,39645,,21,,,,,139,,,,,,,,,1.36
2020-08-05,19799,82460,10506,384,194029,5148,106607,1965,39645,,15,,,,,137,,,,,,,,,1.36
2020-08-06,19806,82670,10506,390,195633,5060,109884,2165,39645,,21,,,,,141,,,,,,,,,1.36
2020-08-07,19818,82836,10506,383,197921,5011,112185,2303,39645,,20,,,,,136,,,,,,,,,1.36
2020-08-08,19800,82881,10506,366,200105,4981,49811,1007,39645,,12,,,,,73,,,,,,,,,1.36
2020-08-09,19800,82886,10506,368,201990,4992,17136,441,39645,,4,,,,,14,,,,,,,,,1.36
2020-08-10,19834,83047,10506,396,202775,5045,116932,2841,39645,,28,,,,,180,,,,,,,,,1.37
2020-08-11,19849,83237,10505,391,204172,5012,106682,2695,39744,,21,,,,,191,,,,,,,,,1.38
2020-08-12,19866,83472,10505,379,206696,4891,111775,2896,39744,,17,,,,,143,,,,,,,,,1.39
2020-08-13,19883,83663,10505,374,209365,4864,121209,3548,39744,,25,,,,,201,,,,,,,,,1.4
2020-08-14,19901,83848,10505,367,212211,4828,132924,3884,39744,,20,,,,,173,,,,,,,,,1.42
2020-08-15,19904,83880,10505,353,215521,4817,26874,770,39744,,15,,,,,87,,,,,,,,,1.44
2020-08-16,19905,83921,10505,376,218536,4860,22120,689,39744,,2,,,,,33,,,,,,,,,1.45
2020-08-17,19924,84065,10505,384,219029,4925,154447,5026,39744,,34,,,,,234,,,,,,,,,1.47
2020-08-18,19940,84309,10511,380,221267,4823,145471,4736,39930,,28,,,,,185,,,,,,,,,1.48
2020-08-19,19957,84467,10511,374,225043,4806,145253,4855,39930,,31,,,,,162,,,,,,,,,1.49
2020-08-20,19969,84642,10511,380,229814,4748,153941,5139,39930,,28,,,,,149,,,,,,,,,1.49
2020-08-21,19992,84829,10511,379,234400,4745,164960,5139,39930,,37,,,,,210,,,,,,,,,1.49
2020-08-22,20001,84950,10511,380,238002,4711,69478,2239,39930,,10,,,,,115,,,,,,,,,1.49
2020-08-23,20002,84973,10511,383,242899,4709,23587,1006,39930,,6,,,,,29,,,,,,,,,1.47
2020-08-24,20017,85199,10511,399,244854,4690,187272,6986,39930,,43,,,,,233,,,,,,,,,1.46
2020-08-25,20038,85524,10506,410,248158,4600,177747,6805,40043,,49,,,,,265,,,,,,,,,1.45
2020-08-26,20034,85731,10506,373,253587,4535,182111,6683,40043,,21,,,,,215,,,,,,,,,1.44
2020-08-27,20070,85984,10506,381,259698,4535,195191,7413,40043,,32,,,,,225,,,,,,,,,1.43
2020-08-28,20089,86177,10507,387,267077,4535,201767,7626,40083,,32,,,,,241,,,,,,,,,1.41
2020-08-29,20095,86298,10507,400,272530,4530,84913,3022,40083,,28,,,,,135,,,,,,,,,1.4
2020-08-30,20099,86310,10507,402,277943,4535,27789,1317,40083,,5,,,,,23,,,,,,,,,1.39
2020-08-31,20128,86469,10507,409,281025,4582,219651,9492,40083,,45,,,,,254,,,,,,,,,1.38
2020-09-01,20147,86712,10514,424,286007,4604,196240,8863,40300,,54,,,,,300,,,,,,,,,1.37
2020-09-02,20172,86963,10514,446,293024,4632,195228,9078,40300,,57,,,,,317,,,,,,,,,1.36
2020-09-03,20192,87206,10514,464,300181,4643,203171,9772,40300,,55,,,,,307,,,,,,,,,1.35
2020-09-04,20210,87447,10476,473,309156,4671,217657,10095,40300,,46,,,,,292,,,,,,,,,1.33
2020-09-05,20222,87579,10476,482,317706,4839,93234,4054,40300,,23,,,,,168,,,,,,,,,1.32
2020-09-06,20225,87608,10476,486,324777,4905,28433,1472,40300,,8,,,,,66,,,,,,,,,1.31
2020-09-07,20250,87836,10476,537,328980,4907,244326,12271,40300,,83,,,,,448,,,,,,,,,1.31
2020-09-08,20289,88226,10475,574,335524,4960,241337,11665,40876,,86,,,,,490,,,,,,,,,1.3
2020-09-09,20319,88524,10475,599,344101,5003,237372,11344,40876,,71,,,,,386,,,,,,,,,1.28
2020-09-10,20338,88742,10475,615,353944,5096,251278,12061,40876,,54,,,,,352,,,,,,,,,1.27
2020-09-11,20378,89059,10515,635,363350,5155,260567,11289,41389,,64,,,,,447,,,,,,,,,1.26
2020-09-12,20395,89231,10515,662,373911,5195,101950,4495,41389,,51,,,,,243,,,,,,,,,1.25
2020-09-13,20401,89270,10515,669,381094,5247,29110,1565,41389,,18,,,,,98,,,,,,,,,1.24
2020-09-14,20435,89507,10515,712,387252,5498,275465,14739,41389,,104,,,,,545,,,,,,,,,1.22
2020-09-15,20471,89891,10528,759,395104,5679,265927,13538,42047,,117,,,,,642,,,,,,,,,1.21
2020-09-16,20517,90335,10528,803,404888,5819,247219,13463,42047,,100,,,,,649,,,,,,,,,1.2
2020-09-17,20567,90840,10528,800,415481,5844,244191,13745,42047,,81,,,,,599,,,,,,,,,1.19
2020-09-18,20689,91574,10560,827,428696,5819,244488,13293,42699,,100,,,,,850,,,,,,,,,1.18
2020-09-19,20714,92319,10560,834,442194,5512,94882,5211,42699,,73,,,,,470,,,,,,,,,1.16
2020-09-20,20725,92582,10560,841,452763,5375,29788,1801,42699,,24,,,,,139,,,,,,,,,1.14
2020-09-21,20778,93008,10560,919,458061,5616,243102,15657,42699,,143,,,,,754,,,,,,,,,1.12
2020-09-22,20845,93538,10571,951,468069,5796,219180,14229,43555,,130,,,,,783,,,,,,,,,1.1
2020-09-23,20888,93982,10571,1002,481141,5932,202580,13015,43555,,124,,,,,649,,,,,,,,,1.08
2020-09-24,20940,94413,10571,1048,497237,6031,203465,12730,43555,,124,,,,,613,,,,,,,,,1.06
2020-09-25,20995,94891,10666,1098,513034,6128,209799,12291,44471,,129,,,,,661,,,,,,,,,1.04
2020-09-26,21034,95303,10666,1111,527446,6172,84877,4803,44471,,89,,,,,503,,,,,,,,,1.02
2020-09-27,21061,95426,10666,1118,538569,6253,23290,1384,44471,,47,,,,,241,,,,,,,,,1.01
2020-09-28,21142,95774,10666,1164,542639,6415,218706,13741,44471,,137,,,,,619,,,,,,,,,1
2020-09-29,21201,96327,10692,1204,550690,6500,195949,12797,45090,,165,,,,,698,,,,,,,,,1
2020-09-30,21264,96797,10692,1238,563535,6590,187880,13339,45090,,135,,,,,650,,,,,,,,,1.01
2020-10-01,21327,97271,10692,1265,577505,6652,191721,14641,45090,,142,,,,,626,,,,,,,,,1.03
2020-10-02,21374,97778,10781,1276,589653,6758,205949,16203,45701,,120,,,,,721,,,,,,,,,1.06
2020-10-03,21417,98230,10781,1295,606625,6758,89098,7225,45701,,103,,,,,532,,,,,,,,,1.1
2020-10-04,21449,98374,10781,1341,619190,6982,25052,1979,45701,,91,,,,,418,,,,,,,,,1.15
2020-10-05,21518,98680,10781,1415,624274,7294,235422,21448,45701,,152,,,,,710,,,,,,,,,1.19
2020-10-06,21580,99295,10785,1426,634763,7398,213509,19661,46520,,168,,,,,829,,,,,,,,,1.24
2020-10-07,21660,99793,10785,1416,653509,7536,209893,20727,46520,,143,,,,,789,,,,,,,,,1.28
2020-10-08,21736,100306,10785,1427,671638,7624,226346,22541,46520,,114,,,,,711,,,,,,,,,1.32
2020-10-09,21798,100828,10832,1448,691977,7864,253737,24077,47549,,150,,,,,848,,,,,,,,,1.35
2020-10-10,21852,101311,10832,1465,718873,7997,112247,11313,47549,,110,,,,,694,,,,,,,,,1.37
2020-10-11,21898,101491,10832,1492,734974,8252,31608,3222,47549,,73,,,,,503,,,,,,,,,1.38
2020-10-12,21993,101899,10832,1548,743479,8692,292227,31718,47549,,171,,,,,916,,,,,,,,,1.39
2020-10-13,22077,102680,10856,1642,756472,8949,269962,28594,48845,,226,,,,,1168,,,,,,,,,1.4
2020-10-14,22181,103413,10856,1673,779063,9194,273506,28807,48845,,193,,,,,1133,,,,,,,,,1.4
2020-10-15,22269,104082,10856,1750,809684,9605,294254,32029,48845,,219,,,,,1207,,,,,,,,,1.41
2020-10-16,22391,104696,10912,1800,834770,10042,314866,33618,48845,,212,,,,,1225,,,,,,,,,1.41
2020-10-17,22480,105194,10912,1877,867197,10420,137614,15291,48845,,175,,,,,986,,,,,,,,,1.42
2020-10-18,22565,105431,10912,1948,897034,10918,39252,4707,48845,,147,,,,,835,,,,,,,,,1.43
2020-10-19,22711,105935,10912,2099,910277,11661,346440,45286,48845,,269,,,,,1424,,,,,,,,,1.44
2020-10-20,22873,106839,11012,2177,930745,12458,313235,44358,53385,,278,,,,,1944,,,,,,,,,1.45
2020-10-21,23036,107652,11012,2248,957421,13185,321827,46768,53385,,284,,,,,1754,,,,,,,,,1.46
2020-10-22,23198,108599,11012,2319,999043,14032,347574,51140,53385,,262,,,,,1998,,,,,,,,,1.47
2020-10-23,23382,109486,11126,2441,1041075,15008,378474,55379,57261,,299,,,,,2091,,,,,,,,,1.47
2020-10-24,23519,110322,11126,2500,1086497,15660,162166,25159,57261,,233,,,,,2500,,,,,,,,,1.47
2020-10-25,23635,110660,11126,2584,1138507,16477,46092,7326,57261,,191,,,,,1298,,,,,,,,,1.45
2020-10-26,23892,111347,11126,2770,1165278,17784,418340,68754,57261,,357,,,,,2314,,,,,,,,,1.43
2020-10-27,24180,112716,11361,2918,1198695,18978,376286,61527,62297,,431,,,,,2988,,,,,,,,,1.4
2020-10-28,24424,113977,11361,3045,1235132,20207,367992,56958,62297,,372,,,,,2821,,,,,,,,,1.37
2020-10-29,24659,115287,11361,3156,1282769,21183,376967,56198,62297,,395,,,,,2607,,,,,,,,,1.33
2020-10-30,24914,116533,11651,3377,1331984,22176,401679,58582,68349,,422,,,,,2563,,,,,,,,,1.29
2020-10-31,25137,117658,11651,3452,1367625,23036,172327,26295,68349,,339,,,,,2274,,,,,,,,,1.25
2020-11-01,25368,118227,11651,3578,1413915,24031,45667,6972,68349,,289,,,,,1883,,,,,,,,,1.2
2020-11-02,25784,119104,11651,3730,1466433,25143,435938,70084,68349,,430,,,,,2547,,,,,,,,,1.16
2020-11-03,26210,120714,12079,3878,1502763,26265,383060,59131,73958,,469,,,,,3311,,,,,,,,,1.11
2020-11-04,26595,122662,12079,4089,1543321,27534,354207,50140,73958,,540,,,,,3681,,,,,,,,,1.07
2020-11-05,26958,124278,12079,4230,1601367,28426,368409,46950,73958,,447,,,,,2989,,,,,,,,,1.03
2020-11-06,27356,126329,12509,4331,1661853,28979,376500,45014,80369,,434,,,,,3140,,,,,,,,,0.98
2020-11-07,27660,127938,12509,4421,1748705,29421,147131,17946,80369,,394,,,,,2458,,,,,,,,,0.93
2020-11-08,27930,128614,12509,4539,1787324,30243,34772,4387,80369,,323,,,,,1814,,,,,,,,,0.89
2020-11-09,28478,129735,12509,4690,1807479,31125,390285,47647,80369,,484,,,,,2670,,,,,,,,,0.84
2020-11-10,28944,131920,13263,4750,1829659,31505,349988,37421,87932,,473,,,,,3169,,,,,,,,,0.8
2020-11-11,29272,133696,13263,4803,1865538,31946,50587,5384,87932,,351,,,,,2588,,,,,,,,,0.76
2020-11-12,29697,134954,13263,4899,1898710,32683,360115,36539,87932,,386,,,,,2366,,,,,,,,,0.72
2020-11-13,30153,137155,13739,4903,1922504,32707,308969,28948,94240,,471,,,,,2830,,,,,,,,,0.69
2020-11-14,30507,139140,13739,4871,1954599,32499,115321,10998,94240,,326,,,,,2194,,,,,,,,,0.67
2020-11-15,30809,139810,13739,4896,1981827,33081,26460,2707,94240,,270,,,,,2194,,,,,,,,,0.65
2020-11-16,31315,140880,13739,4919,1991233,33497,311813,30377,94240,,366,,,,,2064,,,,,,,,,0.64
2020-11-17,31743,143152,14530,4854,2036755,33170,258225,21816,101482,,382,,,,,2505,,,,,,,,,0.63
2020-11-18,32168,145391,14530,4775,2065138,32842,214942,17363,101482,,357,,,,,2428,,,,,,,,,0.62
2020-11-19,32597,147569,14530,4653,2086288,32345,236501,16832,101482,,311,,,,,2213,,,,,,,,,0.62
2020-11-20,32978,149521,15287,4582,2109170,31906,246587,16250,107460,,263,,,,,1962,,,,,,,,,0.61
2020-11-21,33231,151177,15287,4509,2127051,31197,105324,7267,107460,,219,,,,,1509,,,,,,,,,0.61
2020-11-22,33445,151681,15287,4509,2140208,31554,24463,1836,107460,,171,,,,,904,,,,,,,,,0.61
2020-11-23,33945,152592,15287,4454,2144660,31481,257229,17765,107460,,243,,,,,1377,,,,,,,,,0.61
2020-11-24,34399,154679,15838,4289,2153815,30622,214087,13750,112080,,269,,,,,1781,,,,,,,,,0.61
2020-11-25,34780,156552,15838,4148,2170097,29972,194554,12632,112080,,257,,,,,1674,,,,,,,,,0.61
2020-11-26,35119,158236,15838,4018,2183660,29310,207925,12534,112080,,192,,,,,1459,,,,,,,,,0.62
2020-11-27,35512,159915,16402,3883,2196119,28648,220189,12465,116240,,206,,,,,1468,,,,,,,,,0.63
2020-11-28,35725,161137,16402,3777,2208699,28168,99264,6085,116240,,122,,,,,973,,,,,,,,,0.65
2020-11-29,35923,161427,16402,3756,2218483,28313,23705,1607,116240,,102,,,,,650,,,,,,,,,0.67
2020-11-30,36329,162281,16402,3751,2222488,28258,238869,15875,116240,,196,,,,,1251,,,,,,,,,0.69
2020-12-01,36692,164029,16814,3605,2230571,27639,199254,12395,119716,,234,,,,,1572,,,,,,,,,0.72
2020-12-02,37002,165563,16814,3488,2244635,27013,180322,11517,119716,,160,,,,,1252,,,,,,,,,0.74
2020-12-03,37326,166940,16814,3425,2257331,26703,199779,12029,119716,,184,,,,,1448,,,,,,,,,0.77
2020-12-04,37608,168352,17159,3293,2268552,26311,218153,12570,123298,,163,,,,,1399,,,,,,,,,0.8
2020-12-05,37822,169358,17159,3230,2281475,26070,105011,6574,123298,,125,,,,,1017,,,,,,,,,0.84
2020-12-06,37996,169586,17159,3220,2292497,26293,26232,1756,123298,,101,,,,,625,,,,,,,,,0.87
2020-12-07,38362,170285,17159,3198,2295908,26365,256803,16721,123298,,202,,,,,1200,,,,,,,,,0.9
2020-12-08,38739,171868,17613,3088,2309621,25914,224908,13237,126828,,214,,,,,1587,,,,,,,,,0.93
2020-12-09,39035,173247,17613,3041,2324216,25558,206526,12741,126828,,170,,,,,1372,,,,,,,,,0.96
2020-12-10,39327,174658,17613,2959,2337966,25231,226028,13580,126828,,191,,,,,1440,,,,,,,,,0.99
2020-12-11,39631,175891,17936,2884,2351372,24975,251869,14085,129501,,180,,,,,1334,,,,,,,,,1.01
2020-12-12,39825,176743,17936,2861,2365319,24980,132772,7847,129501,,127,,,,,1096,,,,,,,,,1.04
2020-12-13,39975,176995,17936,2871,2376852,25239,34172,2041,129501,,89,,,,,668,,,,,,,,,1.07
2020-12-14,40346,177647,17936,2906,2379915,25481,329009,19676,129501,,209,,,,,1316,,,,,,,,,1.09
2020-12-15,40653,179087,18419,2881,2391447,25240,313209,15959,133545,,211,,,,,1560,,,,,,,,,1.11
2020-12-16,40942,180311,18419,2850,2409062,25315,336348,15400,133545,,219,,,,,1659,,,,,,,,,1.13
2020-12-17,41200,181506,18419,2808,2427316,25182,398523,15930,133545,,151,,,,,1362,,,,,,,,,1.14
2020-12-18,41455,182656,18774,2773,2442990,24977,505683,17539,137358,,176,,,,,1281,,,,,,,,,1.15
2020-12-19,41644,183571,18774,2727,2460555,24851,334667,10704,137358,,123,,,,,1003,,,,,,,,,1.14
2020-12-20,41775,183806,18774,2754,2473354,24993,117561,3657,137358,,91,,,,,599,,,,,,,,,1.13
2020-12-21,42126,184464,18774,2746,2479151,25233,677530,21343,137358,,179,,,,,1284,,,,,,,,,1.12
2020-12-22,42507,186058,19195,2728,2490946,24964,739281,18408,140766,,256,,,,,1776,,,,,,,,,1.09
2020-12-23,42783,187272,19195,2710,2505875,24884,730827,16908,140766,,200,,,,,1421,,,,,,,,,1.07
2020-12-24,43073,188639,19195,2652,2527509,24639,503071,13068,140766,,186,,,,,1452,,,,,,,,,1.03
2020-12-25,43232,189445,19195,2625,2547771,24392,38540,1301,140766,,112,,,,,743,,,,,,,,,1
2020-12-26,43378,189718,19195,2649,2550864,24477,221795,9767,140766,,101,,,,,513,,,,,,,,,0.98
2020-12-27,43551,189941,19195,2659,2559686,24653,47921,2146,140766,,107,,,,17,589,,17,,,,48750,48750,,0.96
2020-12-28,43914,190722,19195,2703,2562646,24678,400170,22660,140766,,229,,,,75,1212,,58,,,,48750,48750,,0.96
2020-12-29,44298,191806,19780,2675,2574041,24776,368487,20134,145914,,251,,,,181,1625,,106,,,,48750,48750,,0.97
2020-12-30,44601,193045,19780,2661,2600498,24593,402234,19860,145914,,209,,,,293,1399,,112,,,,48750,48750,,0.98
2020-12-31,44852,194221,19780,2634,2620425,24440,340576,16215,145914,,176,,,,374,1310,,81,,,,48750,48750,,1
2021-01-01,44985,194901,19780,2618,2639773,24296,33430,1603,145914,,99,,,,427,677,,53,,,,48750,48750,,1.03
2021-01-02,45141,195174,19780,2641,2643239,24491,231902,13876,145914,,101,,,,498,645,,71,,,,48750,48750,,1.06
2021-01-03,45257,195386,19780,2674,2655728,24813,47214,2953,145914,,101,,,,584,656,,86,,,,134550,134550,,1.09
2021-01-04,45635,196037,19780,2666,2659750,24995,431757,28941,145914,,245,,,,2044,1258,,1460,,,,134550,134550,,1.12
2021-01-05,45980,197503,20302,2625,2680239,24904,347418,23089,149671,,244,,,,7373,1737,,5329,,,,134550,134550,,1.14
2021-01-06,46263,198756,20302,2616,2705618,24741,316305,20464,149671,,234,,,,18605,1433,,11232,,,,134550,134550,,1.17
2021-01-07,46539,200079,20302,2582,2727321,24521,329880,19745,149671,,180,,,,47022,1438,,28417,,,,134550,134550,,1.18
2021-01-08,46815,201286,20616,2615,2747135,24410,353748,20548,152693,,245,,,,82838,1439,,35816,,,,134550,134550,,1.19
2021-01-09,46983,202165,20616,2609,2767312,24273,190657,11580,152693,,143,,,,93697,941,,10859,,,,134550,134550,,1.19
2021-01-10,47134,202429,20616,2629,2783256,24559,42651,2691,152693,,117,,,,99292,728,,5595,,,,590790,590790,0,1.18
2021-01-11,47444,203072,20616,2676,2786838,24846,402871,27724,152693,,208,,,,137920,1285,,38628,,,,590790,590790,0,1.17
2021-01-12,47799,204390,21003,2688,2806590,24737,342091,21708,156006,,257,,,,197874,1653,,59954,,,,590790,590790,0,1.15
2021-01-13,48028,205672,21003,2711,2830442,24769,316597,20923,156006,,208,,,,260858,1581,,62984,,,,590790,590790,0,1.14
2021-01-14,48310,206802,21003,2726,2851670,25017,326669,21222,156006,,206,,,,339948,1685,,79090,,,,590790,590790,0,1.12
2021-01-15,48590,208071,21359,2740,2872941,25043,355010,22343,159791,,249,,,,406624,1630,,66676,,,,590790,590790,0,1.11
2021-01-16,48783,209056,21359,2741,2894347,25019,200961,12512,159791,,188,,,,426174,1197,,19550,,,,590790,590790,0,1.1
2021-01-17,48924,209343,21359,2776,2910989,25269,45074,3015,159791,,136,,,,436601,697,,10427,,,,1092555,1092555,0,1.09
2021-01-18,49327,210200,21359,2813,2914725,25619,402730,30765,159791,,254,,,,520450,1659,,83849,379072,378195,877,1092555,1092555,0,1.09
2021-01-19,49696,211816,21646,2839,2938333,25567,340886,24122,162430,,313,,,,647897,1988,,127447,379072,378195,877,1092555,1092555,0,1.09
2021-01-20,50006,213242,21646,2852,2965117,25686,324007,22809,162430,,292,,,,781933,1907,,134036,379072,378195,877,1092555,1092555,0,1.09
2021-01-21,50352,214538,21646,2876,2987965,25735,344263,23230,162430,,252,,,,935988,1755,,154055,379072,378195,877,1092555,1092555,0,1.09
2021-01-22,50671,215822,21976,2912,3011257,25908,387041,24403,166457,,269,419245,403615,15630,1053502,1857,364235,117514,379072,378195,877,1092555,1092555,0,1.08
2021-01-23,50901,216725,21976,2896,3035181,25900,203836,13619,166457,,172,419245,403615,15630,1091190,1169,364235,37688,379072,378195,877,1092555,1092555,0,1.08
2021-01-24,51073,216965,21976,2965,3053617,26393,43225,2984,166457,,175,472686,459036,13650,1100492,918,364235,9302,379072,378195,877,1601025,1549425,51600,1.08
2021-01-25,51518,217708,21976,3041,3057857,26924,437323,31786,166457,,298,472686,459036,13650,1176868,1768,333655,76376,370991,340237,30754,1601025,1549425,51600,1.07
2021-01-26,51868,219152,22238,3081,3079943,27041,364304,23900,169291,,343,472686,459036,13650,1274862,2002,333655,97994,370991,340237,30754,1601025,1549425,51600,1.06
2021-01-27,52218,220570,22238,3107,3106859,27169,344666,22633,169291,,318,472686,459036,13650,1379990,1931,333655,105128,370991,340237,30754,1601025,1549425,51600,1.06
2021-01-28,52562,221903,22238,3111,3130629,27166,389999,23993,169291,,270,472686,459036,13650,1501347,1719,333655,121357,370991,340237,30754,1601025,1549425,51600,1.05
2021-01-29,52917,223174,22703,3130,3153487,27308,419996,24887,173312,,271,472686,459036,13650,1591614,1820,333655,90267,370991,340237,30754,1601025,1549425,51600,1.04
2021-01-30,53159,224120,22703,3113,3177879,27282,219544,13794,173312,,192,472686,459036,13650,1620195,1174,333655,28581,370991,340237,30754,1601025,1549425,51600,1.04
2021-01-31,53354,224406,22703,3158,3197114,27613,45186,3414,173312,,148,492954,451674,41280,1625044,816,298540,4849,370991,340237,30754,2190750,2139150,51600,1.03
2021-02-01,53809,225319,22703,3228,3201461,27914,447631,31995,173312,,318,492954,451674,41280,1676279,1748,298540,51235,375019,263696,111323,2190750,2139150,51600,1.02
2021-02-02,54213,226896,23025,3280,3224798,28071,389906,24471,175811,,368,492954,451674,41280,1746303,2184,298540,70024,375019,263696,111323,2190750,2139150,51600,1.01
2021-02-03,54570,228472,23025,3277,3251160,27955,354775,22168,175811,,275,492954,451674,41280,1816820,1878,298540,70517,375019,263696,111323,2190750,2139150,51600,1.01
2021-02-04,54927,229975,23025,3250,3274608,27808,383676,22252,175811,,275,492954,451674,41280,1896675,1745,298540,79855,375019,263696,111323,2190750,2139150,51600,1
2021-02-05,55220,231549,23383,3245,3296747,27614,428590,23429,179604,,254,492954,451674,41280,1963123,1715,298540,66448,375019,263696,111323,2190750,2139150,51600,0.99
2021-02-06,55411,232693,23383,3225,3317333,27369,225277,13080,179604,,168,492954,451674,41280,1984292,1122,298540,21169,375019,263696,111323,2190750,2139150,51600,0.97
2021-02-07,55582,232977,23383,3272,3337048,27694,44117,2885,179604,,160,492954,451674,41280,1989101,785,298540,4809,375019,263696,111323,3084780,2685180,126000,0.97
2021-02-08,56040,233993,23383,3363,3341365,28037,434332,28308,179604,,355,492954,451674,41280,2034726,1889,298540,45625,422573,252415,170158,3084780,2685180,126000,0.96
2021-02-09,56476,235717,23671,3342,3360235,27677,386221,22669,181965,,333,492954,451674,41280,2099076,1926,298540,64350,422573,252415,170158,3084780,2685180,126000,0.95
2021-02-10,56772,237113,23671,3319,3385622,27461,351902,21028,181965,,282,492954,451674,41280,2167691,1520,298540,68615,422573,252415,170158,3084780,2685180,126000,0.94
2021-02-11,57132,238753,23671,3337,3406685,27007,370226,20335,181965,,269,492954,451674,41280,2252333,1610,298540,84642,422573,252415,170158,3084780,2685180,126000,0.94
2021-02-12,57449,240290,23999,3308,3427386,26468,411063,21576,184192,,264,859676,416616,128000,2329208,1402,205385,76875,422573,252415,170158,3084780,2685180,126000,0.94
2021-02-13,57648,241354,23999,3304,3448617,26240,220090,12189,184192,,191,859676,416616,128000,2350705,1082,205385,21497,422573,252415,170158,3084780,2685180,126000,0.94
2021-02-14,57815,241628,23999,3309,3465163,26445,43607,2887,184192,,113,859676,416616,128000,2355232,649,205385,4527,422573,252415,170158,4198885,3335485,273000,0.95
2021-02-15,58227,242528,23999,3381,3469539,26522,429241,28392,184192,,306,859676,416616,128000,2391867,1426,205385,36635,524106,175659,348447,4198885,3335485,273000,0.96
2021-02-16,58578,244238,24234,3348,3489129,26239,367921,22587,186226,,322,859676,416616,128000,2440508,1853,205385,48641,524106,175659,348447,4198885,3335485,273000,0.97
2021-02-17,58888,245737,24234,3350,3514147,25974,344639,22489,186226,,309,859676,416616,128000,2489344,1555,205385,48836,524106,175659,348447,4198885,3335485,273000,0.99
2021-02-18,59159,247127,24234,3394,3536648,25762,369192,23407,186226,,261,859676,416616,128000,2556127,1486,231294,66783,524106,175659,348447,4198885,3335485,273000,1.01
2021-02-19,59484,248488,24480,3390,3560764,25551,412280,25420,188270,,308,859676,416616,128000,2619039,1537,231294,62912,524106,175659,348447,4198885,3335485,273000,1.02
2021-02-20,59641,249520,24480,3369,3583135,25269,219478,14328,,,195,859676,416616,128000,2636861,1029,231294,17822,524106,175659,348447,4198885,3335485,273000,1.04
2021-02-21,59800,249727,24480,3392,3605181,25464,44363,3430,,,141,859676,416616,128000,2639696,593,231294,2835,524106,175659,348447,5476260,4065660,273000,1.06
2021-02-22,60133,250532,24480,3407,3609827,25831,416064,33158,,,274,859676,416616,128000,2675619,1529,231294,35923,529849,202998,326851,5476260,4065660,273000,1.07
2021-02-23,60443,252083,24601,3435,3629891,25660,351603,25729,,,345,859676,416616,128000,2727521,1780,231294,51902,529849,202998,326851,5476260,4065660,273000,1.07
2021-02-24,60720,253450,24601,3436,3661410,25614,335760,24285,,,319,859676,416616,128000,2784628,1636,231294,57107,529849,202998,326851,5476260,4065660,273000,1.08
2021-02-25,60981,254868,24601,3430,3686813,25317,351764,24240,,,301,859676,416616,128000,2881632,1454,231294,97004,529849,202998,326851,5476260,4065660,273000,1.07
2021-02-26,61265,256326,24856,3445,3712020,25130,398085,25059,,,303,925186,635316,62050,2991819,1634,159072,110187,529849,202998,326851,5476260,4065660,273000,1.07
2021-02-27,61450,257258,24856,3453,3736016,24989,210954,14508,,,208,925186,635316,62050,3041987,1007,159072,50168,529849,202998,326851,5476260,4065660,273000,1.06
2021-02-28,61572,257555,24856,3492,3755968,25280,45127,3318,,,164,925186,635316,62050,3047571,728,159072,5584,529849,202998,326851,6221600,4811000,273000,1.05
2021-03-01,61947,258384,24856,3544,3760671,25430,414113,31915,,,347,925186,635316,62050,3110080,1393,159072,62509,774433,514483,259950,6221600,4811000,273000,1.04
2021-03-02,62247,259893,24973,3586,3783528,25263,345693,24678,,,366,925186,635316,62050,3208000,1705,159072,97920,774433,514483,259950,6221600,4811000,273000,1.03
2021-03-03,62569,261289,24973,3637,3810316,25111,327382,23675,,,322,925186,635316,62050,3319672,1622,159072,111672,774433,514483,259950,6221600,4811000,273000,1.03
2021-03-04,62862,262690,24973,3633,3835595,24891,352712,23815,,,293,925186,635316,62050,3476548,1538,159072,156876,774433,514483,259950,6221600,4811000,273000,1.02
2021-03-05,63100,263919,25174,3680,3859102,24765,404792,25580,,,324,925186,635316,62050,3671154,1397,159072,194606,774433,514483,259950,6221600,4811000,273000,1.02
2021-03-06,63270,264909,25174,3689,3882408,24625,218678,15682,,,233,925186,635316,62050,3872209,1097,159072,201055,774433,514483,259950,6221600,4811000,273000,1.03
2021-03-07,63400,265295,25174,3743,3904233,24818,47316,3601,,,187,925186,635316,62050,3990423,720,159072,118214,774433,514483,259950,7796660,5637860,550200,1.04
2021-03-08,63759,266096,25174,3849,3909560,25195,438434,34328,,,381,919224,594474,226960,4093212,1584,35988,102789,819578,594165,225413,7796660,5637860,550200,1.05
2021-03-09,64057,267539,25244,3918,3932862,25201,379525,27916,,,421,919224,594474,226960,4259725,1810,35988,166513,819578,594165,225413,7796660,5637860,550200,1.07
2021-03-10,64321,269019,25311,3918,3963165,24969,357656,28212,,,343,919224,594474,226960,4431835,1574,35988,172110,819578,594165,225413,7796660,5637860,550200,1.09
2021-03-11,64586,270433,25311,3992,3990331,24858,437430,31026,,,385,919224,594474,226960,4666695,1609,35988,234860,819578,594165,225413,7796660,5637860,550200,1.11
2021-03-12,64809,271678,25311,4033,4015560,24749,491824,32301,,,306,919224,594474,226960,4952560,1448,35988,285865,819578,594165,225413,7796660,5637860,550200,1.13
2021-03-13,64978,272615,25311,4070,4045319,24671,263182,20984,,,263,919224,594474,226960,5175735,1087,35988,223175,819578,594165,225413,7796660,5637860,550200,1.15
2021-03-14,65118,272960,25311,4127,4071662,24989,58240,5035,,,188,919224,594474,226960,5236858,821,35988,61123,819578,594165,225413,9318245,6415445,550200,1.16
2021-03-15,65451,273771,25311,4219,4078133,25469,515605,44788,,,401,919224,594474,226960,5389633,1676,35988,152775,880149,739158,140991,9318245,6415445,550200,1.17
2021-03-16,65765,275360,25405,4239,4108108,25492,463493,35344,,,435,919224,594474,226960,5526528,2005,24792,136895,880149,739158,140991,9318245,6415445,550200,1.18
2021-03-17,66006,276993,25405,4219,4146609,25314,410273,32771,,,357,919224,594474,226960,5671217,1745,24792,144689,880149,739158,140991,9318245,6415445,550200,1.19
2021-03-18,66274,278263,25405,4246,4181607,25389,489267,34412,,,382,919224,594474,226960,5832823,1661,24792,161606,880149,739158,140991,9318245,6415445,550200,1.19
2021-03-19,66559,279646,25405,4287,4216695,25339,552894,36697,,,383,1008668,664548,307790,6054941,1699,4780,222118,880149,739158,140991,9318245,6415445,550200,1.19
2021-03-20,66735,280571,25405,4353,4252022,25537,286535,22899,,,317,1008668,664548,307790,6216807,1348,4780,161866,880149,739158,140991,9318245,6415445,550200,1.19
2021-03-21,66873,280955,25405,4406,4282603,25926,60529,5480,,,196,1008668,664548,307790,6264893,926,4780,48086,880149,739158,140991,10806340,7241140,893400,1.19
2021-03-22,67216,281885,25405,4548,4298395,26488,592293,52793,,,471,1008668,664548,307790,6428828,1902,4780,163935,1064704,886086,178618,10806340,7241140,893400,1.19
2021-03-23,67503,283507,25405,4634,4313073,26756,544603,43284,,,488,1008668,664548,307790,6670867,2286,717552,242039,1064704,886086,178618,10806340,7241140,893400,1.19
2021-03-24,67748,285199,25405,4651,4378446,26876,490848,41911,,,384,1008668,664548,307790,6920591,2130,717552,249724,1064704,886086,178618,10806340,7241140,893400,1.19
2021-03-25,67973,286607,25405,4709,4424087,27036,576633,42966,,,408,1008668,664548,307790,7251200,1860,717552,330609,1064704,886086,178618,10806340,7241140,893400,1.19
2021-03-26,68276,288062,25999,4766,4465956,27242,643065,45150,,,476,1142570,944430,168340,7599751,2048,1225188,348551,1064704,886086,178618,10806340,7241140,893400,1.19
2021-03-27,68466,289350,25999,4791,4508575,27259,349771,27850,,,332,1142570,944430,168340,7789877,1567,1225188,190126,1064704,886086,178618,10806340,7241140,893400,1.18
2021-03-28,68597,289752,25999,4872,4545589,27712,63283,5601,,,238,1142570,944430,168340,7847179,1017,1225188,57302,1064704,886086,178618,12106360,8394760,893400,
2021-03-29,68957,290810,25999,4974,4554683,28322,691956,59178,,,484,1142570,944430,168340,8041250,2099,1225188,194071,1251125,841701,409424,12106360,8394760,893400,
2021-03-30,69293,292796,26044,5072,4585385,28510,657008,48901,,,569,1142570,944430,168340,8313038,2579,1040340,271788,1251125,841701,409424,12106360,8394760,893400,
2021-03-31,69596,294638,26044,5053,4644423,28463,576481,44506,,,472,998244,752934,215170,8560879,2209,1040340,247841,1251125,841701,409424,12106360,8394760,893400,
2021-04-01,69904,296166,26044,5109,4695082,28581,656107,43578,,,480,998244,752934,215170,8853975,2035,1363200,293096,1251125,841701,409424,12106360,8394760,893400,
2021-04-02,70204,297734,26076,5254,4741759,28729,658619,42154,,,505,1398712,935742,429160,9117894,2092,1363200,263919,1251125,841701,409424,12106360,8394760,893400,
2021-04-03,70389,299075,26076,5273,4755676,28886,,,,,399,1398712,935742,429160,9253070,1730,1363200,135176,1251125,841701,409424,12106360,8394760,893400,
2021-04-04,70574,299624,26076,5341,4822470,29356,,,,,270,1398712,935742,429160,9296131,1224,1363200,43061,1251125,841701,409424,13660090,9622090,1063800,
2021-04-05,70771,300064,26076,5433,4833263,29907,,,,,284,1398712,935742,429160,9296131,1219,1363200,43061,1082995,564720,518275,13660090,9622090,1063800,
