date,nouveaux_deces,nouveaux_gueris,nouveaux_decesEhpad,total_reanimation,nouveaux_casConfirmes,total_hospitalises,nouveaux_testsRealises,nouveaux_testsPositifs,nouveaux_casConfirmesEhpad,nouvellesReanimations,nouvellesHospitalisations,nouvellesPremieresInjections,nouveau_r0
2020-03-01,,,,,,,,,,,,,
2020-03-02,3,,,,191,,,,,,,,
2020-03-03,1,,,,21,,,,,,,,
2020-03-04,0,,,15,73,,,,,,,,
2020-03-05,3,,,23,138,,,,,,,,
2020-03-06,2,,,39,190,,,,,,,,
2020-03-07,7,,,45,336,,,,,,,,
2020-03-08,3,,,,177,,,,,,,,
2020-03-09,6,,,66,286,,,,,,,,
2020-03-10,8,,,86,372,,79,8,,,,,
2020-03-11,15,,,105,497,,108,16,,,,,
2020-03-12,13,,,129,595,,157,33,,,,,
2020-03-13,18,,,,785,,350,61,,,,,
2020-03-14,12,,,300,839,,167,54,,,,,
2020-03-15,36,,,,923,400,174,49,,,,,
2020-03-16,21,,,,1210,,819,198,,,,,
2020-03-17,27,,,699,1097,2579,1011,223,,,,,
2020-03-18,89,398,,931,1404,3626,1571,394,,,,,
2020-03-19,108,300,,1122,1861,4461,2098,528,,438,2229,,
2020-03-20,78,287,,1297,1617,5226,2454,705,,242,1256,,
2020-03-21,112,224,,1525,1847,6172,783,264,,298,1540,,
2020-03-22,112,389,,1746,2230,7240,555,250,,309,1534,,
2020-03-23,186,367,,2082,3167,8675,4369,1285,,448,2053,,
2020-03-24,240,714,,2516,2446,10176,4960,1385,,571,2618,,
2020-03-25,231,619,,2827,2931,11539,5161,1363,,607,3166,,
2020-03-26,365,1048,,3375,3922,13904,5716,1573,,612,3097,,
2020-03-27,299,750,,3787,3809,15732,6533,1588,,608,3059,,
2020-03-28,319,926,,4273,4611,17620,1894,523,,695,3353,,
2020-03-29,292,507,,4632,2599,19354,604,228,,543,2685,,
2020-03-30,418,793,,5107,4376,21008,8169,1918,,694,3108,,
2020-03-31,499,1520,,5565,7578,22757,8051,1792,,767,4146,,
2020-04-01,509,1491,,6017,4861,24639,7319,1467,,771,4281,,
2020-04-02,471,1493,513,6399,2116,26246,7375,1579,,728,3845,,
2020-04-03,588,1580,532,6662,5233,27432,8237,1668,,640,3627,,
2020-04-04,441,1430,612,6838,4267,28143,1675,345,,502,2822,,
2020-04-05,357,745,161,6978,1873,28891,377,120,,390,1931,,
2020-04-06,605,1067,228,7072,3912,29722,7611,1502,,478,2754,,
2020-04-07,597,2087,820,7131,3777,30027,7790,1429,,518,3277,,
2020-04-08,541,1917,0,7148,3881,30375,10059,1691,,482,3139,,
2020-04-09,412,1952,929,7066,4286,30767,10603,1589,,369,2990,,
2020-04-10,554,1726,433,7004,4342,31267,11527,1932,,431,3161,,
2020-04-11,345,1459,290,6883,3114,31320,1636,242,,255,2044,,
2020-04-12,310,795,251,6845,1613,31826,389,71,,220,1688,,
2020-04-13,335,532,239,6821,2673,32113,1156,206,523,227,1257,,
2020-04-14,541,1087,221,6730,5497,32292,11890,1423,569,275,1965,,
2020-04-15,514,2190,924,6457,2633,31779,12608,1211,1343,284,2415,,
2020-04-16,417,1817,336,6248,2641,31305,11959,1082,4574,270,2084,,
2020-04-17,418,1608,343,6027,405,31190,11470,959,1305,242,2166,,
2020-04-18,364,1563,278,5833,2569,30639,2361,186,1891,206,1565,,
2020-04-19,227,595,168,5744,785,30610,502,32,885,137,890,,
2020-04-20,444,831,103,5683,2051,30584,9224,660,620,208,1464,,
2020-04-21,387,1772,144,5433,2667,30106,11557,697,,190,1885,,
2020-04-22,336,1476,208,5218,1827,29741,11047,602,,183,1619,,
2020-04-23,311,1431,205,5053,1653,29219,9872,585,1327,178,1410,,
2020-04-24,305,1405,84,4870,1773,28658,9077,471,1040,155,1346,,
2020-04-25,198,1101,171,4725,1537,28222,1397,66,1246,124,999,,
2020-04-26,152,309,90,4682,461,28217,306,13,517,79,481,,
2020-04-27,295,610,142,4608,3764,28055,7431,291,584,125,964,,
2020-04-28,313,1373,54,4387,1520,27484,8104,336,590,153,1321,,
2020-04-29,243,1342,184,4207,,26834,9850,363,978,110,1070,,
2020-04-30,191,1248,98,4019,1139,26283,8793,265,560,121,1048,,
2020-05-01,125,736,93,3878,604,25887,232,4,436,73,668,,
2020-05-02,118,350,48,3827,794,25827,1369,49,480,64,453,,
2020-05-03,96,222,39,3819,308,25815,197,11,90,80,345,,
2020-05-04,243,587,63,3696,576,25548,10093,302,430,84,689,,
2020-05-05,234,1365,96,3430,1104,24775,10772,278,317,111,987,,
2020-05-06,177,1236,101,3147,4183,23983,9391,206,399,69,833,,
2020-05-07,149,1055,29,2961,629,23208,8596,166,146,99,728,,
2020-05-08,111,755,132,2868,642,22724,448,15,237,89,510,,
2020-05-09,76,256,4,2812,433,22614,1529,33,156,38,265,,
2020-05-10,69,179,1,2776,209,22569,293,17,190,38,253,,
2020-05-11,178,507,85,2712,456,22284,10365,210,,82,523,,
2020-05-12,183,1061,165,2542,708,21595,10608,177,242,92,670,,
2020-05-13,98,888,,2428,507,21071,39872,901,167,69,543,,
2020-05-14,123,932,228,2299,622,20463,43188,1013,216,52,542,,
2020-05-15,118,843,,2203,563,19861,48470,1046,306,64,438,,
2020-05-16,70,618,26,2132,372,19432,16674,292,49,46,350,,
2020-05-17,54,147,429,2087,120,19361,6642,140,286,24,152,,
2020-05-18,123,515,8,1998,492,19015,51929,1124,138,38,375,,
2020-05-19,125,835,,1894,524,18468,53467,1056,,69,506,,
2020-05-20,98,791,12,1794,418,17941,53760,1060,221,43,432,,
2020-05-21,58,504,25,1745,318,17583,9778,197,102,28,271,,
2020-05-22,74,351,0,1701,393,17383,51006,827,0,36,263,,
2020-05-23,43,338,0,1665,250,17178,19095,267,0,30,233,,
2020-05-24,35,70,0,1655,115,17185,7153,140,0,24,121,,
2020-05-25,90,582,0,1609,358,16798,52079,717,0,45,342,,
2020-05-26,148,680,,1555,276,16264,54254,778,382,37,318,,
2020-05-27,0,705,1,1501,191,15680,46835,732,0,32,271,,
2020-05-28,66,607,0,1429,3325,15208,44762,644,0,36,253,,
2020-05-29,61,612,,1361,597,14695,49682,597,38,29,255,,
2020-05-30,57,465,0,1325,1828,14380,20347,372,0,29,227,,
2020-05-31,31,87,0,1319,257,14322,8566,188,0,18,72,,
2020-06-01,31,85,0,1302,338,14288,10059,176,0,9,89,,0.84
2020-06-02,84,372,23,1253,,14028,49213,745,132,33,229,,0.83
2020-06-03,81,643,0,1210,352,13514,45122,679,0,26,250,,0.83
2020-06-04,44,521,0,1163,767,13101,41692,631,0,23,195,,0.84
2020-06-05,46,528,0,1094,611,12696,46834,565,0,19,213,,0.85
2020-06-06,31,302,0,1059,579,12479,19752,297,0,15,143,,0.86
2020-06-07,13,36,0,1053,343,12461,7598,138,0,4,37,,0.87
2020-06-08,54,220,0,1024,211,12315,45418,564,0,23,145,,0.89
2020-06-09,53,444,34,955,403,11961,44007,577,194,15,169,,0.9
2020-06-10,23,326,0,933,545,11678,40753,566,0,23,130,,0.9
2020-06-11,27,317,0,903,425,11465,38892,626,0,26,143,,0.9
2020-06-12,28,423,0,879,726,11124,44640,615,0,18,136,,0.89
2020-06-13,24,236,0,871,526,10909,19243,217,0,14,68,,0.89
2020-06-14,9,51,0,869,407,10881,6665,134,0,6,33,,0.88
2020-06-15,29,185,0,846,152,10752,43906,501,0,12,114,,0.87
2020-06-16,38,291,73,820,344,10535,43138,573,302,14,143,,0.86
2020-06-17,28,332,0,772,458,10267,40195,747,0,14,116,,0.86
2020-06-18,28,220,0,752,467,10125,37988,580,0,15,136,,0.86
2020-06-19,14,230,0,727,811,9970,46068,700,0,10,116,,0.86
2020-06-20,16,195,0,715,641,9837,21754,351,0,7,90,,0.87
2020-06-21,7,60,0,715,284,9823,6512,113,0,5,48,,0.88
2020-06-22,23,240,0,701,373,9693,48518,602,0,16,142,,0.88
2020-06-23,26,259,31,682,517,9491,48497,661,94,15,117,,0.89
2020-06-24,11,256,0,658,81,9299,45664,672,0,8,97,,0.9
2020-06-25,21,224,0,651,0,9141,39974,512,0,15,124,,0.91
2020-06-26,26,298,0,634,1588,8886,51339,579,0,15,87,,0.92
2020-06-27,0,0,0,634,518,8886,24647,339,0,9,55,,0.94
2020-06-28,0,0,0,634,526,8886,8242,214,0,4,44,,0.95
2020-06-29,35,350,0,619,280,8688,61826,676,0,15,102,,0.97
2020-06-30,21,275,9,602,541,8536,59774,728,112,8,152,,0.99
2020-07-01,18,275,0,582,918,8336,57332,634,0,17,106,,1.01
2020-07-02,14,253,0,573,659,8148,55001,593,0,12,93,,1.03
2020-07-03,18,258,0,560,582,7990,64392,749,0,12,125,,1.04
2020-07-04,,100,0,517,751,7863,29100,353,0,4,47,,1.05
2020-07-05,2,19,0,521,448,7863,8546,103,0,5,21,,1.07
2020-07-06,33,140,0,548,176,7850,67150,681,0,10,98,,1.08
2020-07-07,34,336,,538,475,7594,66328,572,1149,21,127,,1.09
2020-07-08,32,341,0,529,663,7297,65190,704,0,18,83,,1.1
2020-07-09,14,174,0,512,621,7177,68826,708,0,8,79,,1.12
2020-07-10,25,218,0,496,658,7062,77239,856,0,9,136,,1.13
2020-07-11,,66,0,470,752,6995,32662,353,0,7,57,,1.15
2020-07-12,1,32,0,473,585,6991,8530,117,0,5,26,,1.16
2020-07-13,38,111,0,492,288,6983,80818,880,0,10,68,,1.17
2020-07-14,,73,0,465,511,6907,12397,183,0,7,61,,1.19
2020-07-15,40,150,65,482,416,6915,80349,858,208,16,133,,1.21
2020-07-16,18,216,0,481,534,6796,84541,978,0,23,119,,1.24
2020-07-17,14,208,0,477,836,6688,94262,963,0,17,119,,1.27
2020-07-18,,78,0,450,965,6614,40736,446,0,6,68,,1.3
2020-07-19,1,62,0,448,765,6583,12299,192,0,4,36,,1.33
2020-07-20,36,157,0,467,350,6589,93120,1037,0,18,137,,1.36
2020-07-21,13,193,,455,584,6482,89313,1100,90,12,109,,1.39
2020-07-22,7,223,0,445,998,6366,89285,1174,0,17,132,,1.41
2020-07-23,10,515,0,436,1062,5957,88377,1153,0,13,123,,1.42
2020-07-24,10,343,0,410,1130,5720,96173,1277,0,16,126,,1.42
2020-07-25,,100,0,368,1108,5634,43419,628,0,8,86,,1.42
2020-07-26,1,32,0,367,929,5640,14991,264,0,1,36,,1.41
2020-07-27,28,135,0,398,514,5655,103290,1433,0,25,118,,1.4
2020-07-28,15,229,,385,725,5551,104072,1370,84,22,172,,1.39
2020-07-29,15,189,0,380,1392,5450,108121,1477,0,14,118,,1.38
2020-07-30,16,167,0,381,1377,5375,105745,1552,0,14,116,,1.37
2020-07-31,11,214,0,371,1346,5298,110252,1638,0,16,152,,1.37
2020-08-01,,135,0,344,1628,5177,47680,794,0,11,77,,1.36
2020-08-02,1,13,0,345,1192,5188,16522,250,0,3,25,,1.36
2020-08-03,42,137,0,384,556,5198,113470,2023,0,29,142,,1.36
2020-08-04,11,152,,388,1039,5162,106756,2014,7,21,139,,1.36
2020-08-05,9,142,0,384,1695,5148,106607,1965,0,15,137,,1.36
2020-08-06,7,210,0,390,1604,5060,109884,2165,0,21,141,,1.36
2020-08-07,12,166,0,383,2288,5011,112185,2303,0,20,136,,1.36
2020-08-08,,45,0,366,2184,4981,49811,1007,0,12,73,,1.36
2020-08-09,0,5,0,368,1885,4992,17136,441,0,4,14,,1.36
2020-08-10,34,161,0,396,785,5045,116932,2841,0,28,180,,1.37
2020-08-11,15,190,,391,1397,5012,106682,2695,99,21,191,,1.38
2020-08-12,17,235,0,379,2524,4891,111775,2896,0,17,143,,1.39
2020-08-13,17,191,0,374,2669,4864,121209,3548,0,25,201,,1.41
2020-08-14,18,185,0,367,2846,4828,132924,3884,0,20,173,,1.42
2020-08-15,3,32,0,353,3310,4817,26874,770,0,15,87,,1.44
2020-08-16,1,41,0,376,3015,4860,22120,689,0,2,33,,1.45
2020-08-17,19,144,0,384,493,4925,154447,5026,0,34,234,,1.47
2020-08-18,16,244,6,380,2238,4823,145471,4736,186,28,185,,1.48
2020-08-19,17,158,0,374,3776,4806,145253,4855,0,31,162,,1.49
2020-08-20,12,175,0,380,4771,4748,153941,5139,0,28,149,,1.49
2020-08-21,23,187,0,379,4586,4745,164960,5139,0,37,210,,1.49
2020-08-22,9,121,0,380,3602,4711,69478,2239,0,10,115,,1.48
2020-08-23,1,23,0,383,4897,4709,23587,1006,0,6,29,,1.47
2020-08-24,15,226,0,399,1955,4690,187272,6986,0,43,233,,1.46
2020-08-25,21,325,,410,3304,4600,177747,6805,113,49,265,,1.45
2020-08-26,,207,0,373,5429,4535,182111,6683,0,21,215,,1.44
2020-08-27,36,253,0,381,6111,4535,195191,7413,0,32,225,,1.43
2020-08-28,19,193,1,387,7379,4535,201767,7626,40,32,241,,1.41
2020-08-29,6,121,0,400,5453,4530,84913,3022,0,28,135,,1.4
2020-08-30,4,12,0,402,5413,4535,27789,1317,0,5,23,,1.39
2020-08-31,29,159,0,409,3082,4582,219651,9492,0,45,254,,1.38
2020-09-01,19,243,7,424,4982,4604,196240,8863,217,54,300,,1.36
2020-09-02,25,251,0,446,7017,4632,195228,9078,0,57,317,,1.35
2020-09-03,20,243,0,464,7157,4643,203171,9772,0,55,307,,1.35
2020-09-04,18,241,,473,8975,4671,217657,10095,0,46,292,,1.34
2020-09-05,12,132,0,482,8550,4839,93234,4054,0,23,168,,1.33
2020-09-06,3,29,0,486,7071,4905,28433,1472,0,8,66,,1.31
2020-09-07,25,228,0,537,4203,4907,244326,12271,0,83,448,,1.3
2020-09-08,39,390,,574,6544,4960,241337,11665,576,86,490,,1.29
2020-09-09,30,298,0,599,8577,5003,237372,11344,0,71,386,,1.28
2020-09-10,19,218,0,615,9843,5096,251278,12061,0,54,352,,1.27
2020-09-11,40,317,40,635,9406,5155,260567,11289,513,64,447,,1.26
2020-09-12,17,172,0,662,10561,5195,101950,4495,0,51,243,,1.25
2020-09-13,6,39,0,669,7183,5247,29110,1565,0,18,98,,1.23
2020-09-14,34,237,0,712,6158,5498,275465,14739,0,104,545,,1.22
2020-09-15,36,384,13,759,7852,5679,265927,13538,658,117,642,,1.21
2020-09-16,46,444,0,803,9784,5819,247219,13463,0,100,649,,1.2
2020-09-17,50,505,0,800,10593,5844,244191,13745,0,81,599,,1.19
2020-09-18,122,734,32,827,13215,5819,244488,13293,652,100,850,,1.18
2020-09-19,25,745,0,834,13498,5512,94882,5211,0,73,470,,1.16
2020-09-20,11,263,0,841,10569,5375,29788,1801,0,24,139,,1.14
2020-09-21,53,426,0,919,5298,5616,243102,15657,0,143,754,,1.12
2020-09-22,67,530,11,951,10008,5796,219180,14229,856,130,783,,1.1
2020-09-23,43,444,0,1002,13072,5932,202580,13015,0,124,649,,1.08
2020-09-24,52,431,0,1048,16096,6031,203465,12730,0,124,613,,1.06
2020-09-25,55,478,95,1098,15797,6128,209799,12291,916,129,661,,1.04
2020-09-26,39,412,0,1111,14412,6172,84877,4803,0,89,503,,1.02
2020-09-27,27,123,0,1118,11123,6253,23290,1384,0,47,241,,1.01
2020-09-28,81,348,0,1164,4070,6415,218706,13741,0,137,619,,1
2020-09-29,59,553,26,1204,8051,6500,195949,12797,619,165,698,,1
2020-09-30,63,470,0,1238,12845,6590,187880,13339,0,135,650,,1.01
2020-10-01,63,474,0,1265,13970,6652,191721,14641,0,142,626,,1.04
2020-10-02,47,507,89,1276,12148,6758,205949,16203,611,120,721,,1.07
2020-10-03,43,452,0,1295,16972,6758,89098,7225,0,103,532,,1.1
2020-10-04,32,144,0,1341,12565,6982,25052,1979,0,91,418,,1.15
2020-10-05,69,306,0,1415,5084,7294,235422,21448,0,152,710,,1.19
2020-10-06,62,615,4,1426,10489,7398,213509,19661,819,168,829,,1.24
2020-10-07,80,498,0,1416,18746,7536,209893,20727,0,143,789,,1.29
2020-10-08,76,513,0,1427,18129,7624,226346,22541,0,114,711,,1.32
2020-10-09,62,522,47,1448,20339,7864,253737,24077,1029,150,848,,1.35
2020-10-10,54,483,0,1465,26896,7997,112247,11313,0,110,694,,1.37
2020-10-11,46,180,0,1492,16101,8252,31608,3222,0,73,503,,1.38
2020-10-12,95,408,0,1548,8505,8692,292227,31718,0,171,916,,1.39
2020-10-13,84,781,24,1642,12993,8949,269962,28594,1296,226,1168,,1.4
2020-10-14,104,733,0,1673,22591,9194,273506,28807,0,193,1133,,1.4
2020-10-15,88,669,0,1750,30621,9605,294254,32029,0,219,1207,,1.41
2020-10-16,122,614,56,1800,25086,10042,314866,33618,0,212,1225,,1.41
2020-10-17,89,498,0,1877,32427,10420,137614,15291,0,175,986,,1.42
2020-10-18,85,237,0,1948,29837,10918,39252,4707,0,147,835,,1.43
2020-10-19,146,504,0,2099,13243,11661,346440,45286,0,269,1424,,1.44
2020-10-20,162,904,100,2177,20468,12458,313235,44358,4540,278,1944,,1.45
2020-10-21,163,813,0,2248,26676,13185,321827,46768,0,284,1754,,1.46
2020-10-22,162,947,0,2319,41622,14032,347574,51140,0,262,1998,,1.47
2020-10-23,184,887,114,2441,42032,15008,378474,55379,3876,299,2091,,1.47
2020-10-24,137,836,0,2500,45422,15660,162166,25159,0,233,2500,,1.47
2020-10-25,116,338,0,2584,52010,16477,46092,7326,0,191,1298,,1.45
2020-10-26,257,687,0,2770,26771,17784,418340,68754,0,357,2314,,1.43
2020-10-27,288,1369,235,2918,33417,18978,376286,61527,5036,431,2988,,1.4
2020-10-28,244,1261,0,3045,36437,20207,367992,56958,0,372,2821,,1.37
2020-10-29,235,1310,0,3156,47637,21183,376967,56198,0,395,2607,,1.33
2020-10-30,255,1246,290,3377,49215,22176,401679,58582,6052,422,2563,,1.29
2020-10-31,223,1125,0,3452,35641,23036,172327,26295,0,339,2274,,1.25
2020-11-01,231,569,0,3578,46290,24031,45667,6972,0,289,1883,,1.2
2020-11-02,416,877,0,3730,52518,25143,435938,70084,0,430,2547,,1.16
2020-11-03,426,1610,428,3878,36330,26265,383060,59131,5609,469,3311,,1.12
2020-11-04,385,1948,0,4089,40558,27534,354207,50140,0,540,3681,,1.07
2020-11-05,363,1616,0,4230,58046,28426,368409,46950,0,447,2989,,1.02
2020-11-06,398,2051,430,4331,60486,28979,376500,45014,6411,434,3140,,0.98
2020-11-07,304,1609,0,4421,86852,29421,147131,17946,0,394,2458,,0.94
2020-11-08,270,676,0,4539,38619,30243,34772,4387,0,323,1814,,0.89
2020-11-09,548,1121,0,4690,20155,31125,390285,47647,0,484,2670,,0.84
2020-11-10,466,2185,754,4750,22180,31505,349988,37421,7563,473,3169,,0.8
2020-11-11,328,1776,0,4803,35879,31946,50587,5384,0,351,2588,,0.76
2020-11-12,425,1258,0,4899,33172,32683,360115,36539,0,386,2366,,0.72
2020-11-13,456,2201,476,4903,23794,32707,308969,28948,6308,471,2830,,0.69
2020-11-14,354,1985,0,4871,32095,32499,115321,10998,0,326,2194,,0.67
2020-11-15,302,670,0,4896,27228,33081,26460,2707,0,270,2194,,0.65
2020-11-16,506,1070,0,4919,9406,33497,311813,30377,0,366,2064,,0.64
2020-11-17,428,2272,791,4854,45522,33170,258225,21816,7242,382,2505,,0.63
2020-11-18,425,2239,0,4775,28383,32842,214942,17363,0,357,2428,,0.62
2020-11-19,429,2178,0,4653,21150,32345,236501,16832,0,311,2213,,0.62
2020-11-20,381,1952,757,4582,22882,31906,246587,16250,5978,263,1962,,0.61
2020-11-21,253,1656,0,4509,17881,31197,105324,7267,0,219,1509,,0.61
2020-11-22,214,504,0,4509,13157,31554,24463,1836,0,171,904,,0.61
2020-11-23,500,911,0,4454,4452,31481,257229,17765,0,243,1377,,0.61
2020-11-24,454,2087,551,4289,9155,30622,214087,13750,4620,269,1781,,0.61
2020-11-25,381,1873,0,4148,16282,29972,194554,12632,0,257,1674,,0.62
2020-11-26,339,1684,0,4018,13563,29310,207925,12534,0,192,1459,,0.62
2020-11-27,393,1679,564,3883,12459,28648,220189,12465,4160,206,1468,,0.63
2020-11-28,213,1222,0,3777,12580,28168,99264,6085,0,122,973,,0.65
2020-11-29,198,290,0,3756,9784,28313,23705,1607,0,102,650,,0.67
2020-11-30,406,854,0,3751,4005,28258,238869,15875,0,196,1251,,0.69
2020-12-01,363,1748,412,3605,8083,27639,199254,12395,3476,234,1572,,0.72
2020-12-02,310,1534,0,3488,14064,27013,180322,11517,0,160,1252,,0.74
2020-12-03,324,1377,0,3425,12696,26703,199779,12029,0,184,1448,,0.77
2020-12-04,282,1412,345,3293,11221,26311,218153,12570,3582,163,1399,,0.8
2020-12-05,214,1006,0,3230,12923,26070,105011,6574,0,125,1017,,0.84
2020-12-06,174,228,0,3220,11022,26293,26232,1756,0,101,625,,0.87
2020-12-07,366,699,0,3198,3411,26365,256803,16721,0,202,1200,,0.9
2020-12-08,377,1583,454,3088,13713,25914,224908,13237,3530,214,1587,,0.93
2020-12-09,296,1379,0,3041,14595,25558,206526,12741,0,170,1372,,0.96
2020-12-10,292,1411,0,2959,13750,25231,226028,13580,0,191,1440,,0.99
2020-12-11,304,1233,323,2884,13406,24975,251869,14085,2673,180,1334,,1.02
2020-12-12,194,852,0,2861,13947,24980,132772,7847,0,127,1096,,1.04
2020-12-13,150,252,0,2871,11533,25239,34172,2041,0,89,668,,1.07
2020-12-14,371,652,0,2906,3063,25481,329009,19676,0,209,1316,,1.09
2020-12-15,307,1440,483,2881,11532,25240,313209,15959,4044,211,1560,,1.11
2020-12-16,289,1224,0,2850,17615,25315,336348,15400,0,219,1659,,1.13
2020-12-17,258,1195,0,2808,18254,25182,398523,15930,0,151,1362,,1.14
2020-12-18,255,1150,355,2773,15674,24977,505683,17539,3813,176,1281,,1.14
2020-12-19,189,915,0,2727,17565,24851,334667,10704,0,123,1003,,1.14
2020-12-20,131,235,0,2754,12799,24993,117561,3657,0,91,599,,1.13
2020-12-21,351,658,0,2746,5797,25233,677530,21343,0,179,1284,,1.12
2020-12-22,381,1594,421,2728,11795,24964,739281,18408,3408,256,1776,,1.09
2020-12-23,276,1214,0,2710,14929,24884,730827,16908,0,200,1421,,1.07
2020-12-24,290,1367,0,2652,21634,24639,503071,13068,0,186,1452,,1.03
2020-12-25,159,806,0,2625,20262,24392,38540,1301,0,112,743,,1
2020-12-26,146,273,0,2649,3093,24477,221795,9767,0,101,513,,0.98
2020-12-27,173,223,0,2659,8822,24653,47921,2146,0,107,589,17,0.97
2020-12-28,363,781,0,2703,2960,24678,400170,22660,0,229,1212,58,0.96
2020-12-29,384,1084,585,2675,11395,24776,368487,20134,5148,251,1625,106,0.97
2020-12-30,303,1239,0,2661,26457,24593,402234,19860,0,209,1399,112,0.98
2020-12-31,251,1176,0,2634,19927,24440,340576,16215,0,176,1310,82,1
2021-01-01,133,680,0,2618,19348,24296,33430,1603,0,99,677,55,1.03
2021-01-02,156,273,0,2641,3466,24491,231902,13876,0,101,645,71,1.06
2021-01-03,116,212,0,2674,12489,24813,47214,2953,0,101,656,87,1.09
2021-01-04,378,651,0,2666,4022,24995,431757,28941,0,245,1258,1461,1.12
2021-01-05,345,1466,522,2625,20489,24904,347418,23089,3757,244,1737,5332,1.14
2021-01-06,283,1253,0,2616,25379,24741,316305,20464,0,234,1433,11234,1.17
2021-01-07,276,1323,0,2582,21703,24521,329880,19745,0,180,1438,28420,1.18
2021-01-08,276,1207,314,2615,19814,24410,353748,20548,3022,245,1439,35831,1.19
2021-01-09,168,879,0,2609,20177,24273,190657,11580,0,143,941,10862,1.19
2021-01-10,151,264,0,2629,15944,24559,42651,2691,0,117,728,5599,1.18
2021-01-11,310,643,0,2676,3582,24846,402871,27724,0,208,1285,38648,1.17
2021-01-12,355,1318,387,2688,19752,24737,342091,21708,3313,257,1653,60033,1.15
2021-01-13,229,1282,0,2711,23852,24769,316597,20923,0,208,1581,63115,1.14
2021-01-14,282,1130,0,2726,21228,25017,326669,21222,0,206,1685,79226,1.12
2021-01-15,280,1269,356,2740,21271,25043,355010,22343,3785,249,1630,66745,1.11
2021-01-16,193,985,0,2741,21406,25019,200961,12512,0,188,1197,19557,1.1
2021-01-17,141,287,0,2776,16642,25269,45074,3015,0,136,697,10430,1.09
2021-01-18,403,857,0,2813,3736,25619,402730,30765,0,254,1659,83887,1.09
2021-01-19,369,1616,287,2839,23608,25567,340886,24122,2639,313,1988,127507,1.09
2021-01-20,310,1426,0,2852,26784,25686,324007,22809,0,292,1907,134093,1.09
2021-01-21,346,1296,0,2876,22848,25735,344263,23230,0,252,1755,154144,1.09
2021-01-22,319,1284,330,2912,23292,25908,387041,24403,4027,269,1857,117595,1.08
2021-01-23,230,903,0,2896,23924,25900,203836,13619,0,172,1169,37704,1.08
2021-01-24,172,240,0,2965,18436,26393,43225,2984,0,175,918,9314,1.08
2021-01-25,445,743,0,3041,4240,26924,437323,31786,0,298,1768,76404,1.07
2021-01-26,350,1444,262,3081,22086,27041,364304,23900,2834,343,2002,98050,1.06
2021-01-27,350,1418,0,3107,26916,27169,344666,22633,0,318,1931,105176,1.06
2021-01-28,344,1333,0,3111,23770,27166,389999,23993,0,270,1719,121509,1.05
2021-01-29,355,1271,465,3130,22858,27308,419996,24887,4021,271,1820,90394,1.04
2021-01-30,242,946,0,3113,24392,27282,219544,13794,0,192,1174,28581,1.04
2021-01-31,195,286,0,3158,19235,27613,45186,3414,0,148,816,4854,1.03
2021-02-01,455,913,0,3228,4347,27914,447631,31995,0,318,1748,51265,1.02
2021-02-02,404,1577,322,3280,23337,28071,389906,24471,2499,368,2184,70062,1.01
2021-02-03,357,1576,0,3277,26362,27955,354775,22168,0,275,1878,70576,1.01
2021-02-04,357,1503,0,3250,23448,27808,383676,22252,0,275,1745,79925,1
2021-02-05,293,1574,358,3245,22139,27614,428590,23429,3793,254,1715,66547,0.99
2021-02-06,191,1144,0,3225,20586,27369,225277,13080,0,168,1122,21181,0.97
2021-02-07,171,284,0,3272,19715,27694,44117,2885,0,160,785,4810,0.97
2021-02-08,458,1016,0,3363,4317,28037,434332,28308,0,355,1889,45668,0.96
2021-02-09,436,1724,288,3342,18870,27677,386221,22669,2361,333,1926,64428,0.95
2021-02-10,296,1396,0,3319,25387,27461,351902,21028,0,282,1520,68691,0.94
2021-02-11,360,1640,0,3337,21063,27007,370226,20335,0,269,1610,84708,0.94
2021-02-12,317,1537,328,3308,20701,26468,411063,21576,2227,264,1402,76935,0.94
2021-02-13,199,1064,0,3304,21231,26240,220090,12189,0,191,1082,21529,0.94
2021-02-14,167,274,0,3309,16546,26445,43607,2887,0,113,649,4530,0.95
2021-02-15,412,900,0,3381,4376,26522,429241,28392,0,306,1426,36670,0.96
2021-02-16,351,1710,235,3348,19590,26239,367921,22587,2034,322,1853,48657,0.97
2021-02-17,310,1499,0,3350,25018,25974,344639,22489,0,309,1555,48854,0.99
2021-02-18,271,1390,0,3394,22501,25762,369192,23407,0,261,1486,66903,1.01
2021-02-19,325,1361,246,3390,24116,25551,412280,25420,2044,308,1537,63056,1.02
2021-02-20,157,1032,0,3369,22371,25269,219478,14328,,195,1029,17830,1.04
2021-02-21,159,207,0,3392,22046,25464,44363,3430,,141,593,2836,1.05
2021-02-22,333,805,0,3407,4646,25831,416064,33158,,274,1529,35935,1.07
2021-02-23,310,1551,121,3435,20064,25660,351603,25729,,345,1780,51962,1.07
2021-02-24,277,1367,0,3436,31519,25614,335760,24285,,319,1636,57204,1.07
2021-02-25,261,1418,0,3430,25403,25317,351764,24240,,301,1454,97102,1.07
2021-02-26,284,1458,255,3445,25207,25130,398085,25059,,303,1634,110303,1.07
2021-02-27,185,932,0,3453,23996,24989,210954,14508,,208,1007,50386,1.06
2021-02-28,122,297,0,3492,19952,25280,45127,3318,,164,728,5597,1.05
2021-03-01,375,829,0,3544,4703,25430,414113,31915,,347,1393,62612,1.04
2021-03-02,300,1509,117,3586,22857,25263,345693,24678,,366,1705,98102,1.03
2021-03-03,322,1396,0,3637,26788,25111,327382,23675,,322,1622,111843,1.03
2021-03-04,293,1401,0,3633,25279,24891,352712,23815,,293,1538,157186,1.02
2021-03-05,238,1229,201,3680,23507,24765,404792,25580,,324,1397,195012,1.02
2021-03-06,170,990,0,3689,23306,24625,218678,15682,,233,1097,201702,1.03
2021-03-07,130,386,0,3743,21825,24818,47324,3602,,187,720,118570,1.04
2021-03-08,359,801,0,3849,5327,25195,438453,34329,,381,1584,103408,1.05
2021-03-09,298,1443,70,3918,23302,25201,379591,27920,,421,1810,167684,1.07
2021-03-10,264,1480,67,3918,30303,24969,357843,28217,,343,1574,173492,1.09
2021-03-11,265,1414,0,3992,27166,24858,437565,31028,,385,1609,236412,1.11
2021-03-12,223,1245,0,4033,25229,24749,492210,32313,,306,1448,287396,1.13
2021-03-13,169,937,0,4070,29759,24671,263470,20990,,263,1087,225356,1.15
2021-03-14,140,345,0,4127,26343,24989,58376,5039,,188,821,61589,1.16
2021-03-15,333,811,0,4219,6471,25469,516106,44835,,401,1676,153427,1.17
2021-03-16,314,1589,94,4239,29975,25492,463884,35364,,435,2005,137403,1.18
2021-03-17,241,1633,0,4219,38501,25314,410717,32797,,357,1745,145293,1.18
2021-03-18,268,1270,0,4246,34998,25389,490533,34429,,382,1661,162337,1.19
2021-03-19,285,1383,0,4287,35088,25339,553776,36721,,383,1699,222863,1.19
2021-03-20,176,925,0,4353,35327,25537,287144,22916,,317,1348,162525,1.19
2021-03-21,138,384,0,4406,30581,25926,60807,5493,,196,926,48247,1.19
2021-03-22,343,930,0,4548,15792,26488,593228,52848,,471,1902,164778,1.19
2021-03-23,287,1622,0,4634,14678,26756,545824,43318,,488,2286,243351,1.19
2021-03-24,245,1692,0,4651,65373,26876,492157,41954,,384,2130,250288,1.19
2021-03-25,225,1408,0,4709,45641,27036,578299,43019,,408,1860,331871,1.19
2021-03-26,303,1455,594,4766,41869,27242,645685,45222,,476,2048,349890,1.19
2021-03-27,190,1288,0,4791,42619,27259,351876,27901,,332,1567,190689,1.19
2021-03-28,131,402,0,4872,37014,27712,64013,5622,,238,1017,57328,1.18
2021-03-29,360,1058,0,4974,9094,28322,696105,59450,,484,2099,196887,1.17
2021-03-30,336,1986,45,5072,30702,28510,663410,49268,,569,2579,276094,1.16
2021-03-31,303,1842,0,5053,59038,28463,580305,44940,,472,2209,253063,1.15
2021-04-01,308,1528,0,5109,50659,28581,667749,44575,,480,2035,299197,1.13
2021-04-02,300,1568,32,5254,46677,28729,678326,44025,,505,2092,271175,1.11
2021-04-03,185,1341,0,5273,13917,28886,408636,27357,,399,1730,136928,1.08
2021-04-04,185,549,0,5341,66794,29356,66310,5415,,270,1224,44219,1.08
2021-04-05,197,440,0,5433,10793,29907,103727,9383,,284,1219,57915,1.08
2021-04-06,409,1235,17,5626,8045,30639,640138,60384,,632,2459,200354,1.08
2021-04-07,421,2340,0,5729,12951,30904,485174,44422,,673,3131,246326,1.08
2021-04-08,343,2072,0,5705,84999,30555,473322,41427,,498,2156,317875,1.08
2021-04-09,299,1963,31,5757,41243,30326,509201,41553,,498,2120,384867,1.08
2021-04-10,207,1462,0,5769,43284,30238,,,,388,1649,205246,1.08
2021-04-11,176,651,0,5838,34895,30671,,,,286,1305,53450,1.08
2021-04-12,385,1147,0,5916,8536,31262,,,,492,2172,53450,1.08
